speed,iso,dist,C_M,L_90,mtf_h,mtf_v,bew_h,bew_v,sigma_motion,width_mm,detected
60,100,2.5,0.38,138.0,0.1104267045454545,0.13363229166666665,4.784659090909091,4.210364583333334,2.2681474680205476,0.1,0
60,100,2.5,0.38,138.0,0.1104267045454545,0.13363229166666665,4.784659090909091,4.210364583333334,2.2681474680205476,0.2,0
60,100,2.5,0.38,138.0,0.1104267045454545,0.13363229166666665,4.784659090909091,4.210364583333334,2.2681474680205476,0.3,0
60,100,2.5,0.38,138.0,0.1104267045454545,0.13363229166666665,4.784659090909091,4.210364583333334,2.2681474680205476,0.4,1
60,100,2.5,0.38,138.0,0.1104267045454545,0.13363229166666665,4.784659090909091,4.210364583333334,2.2681474680205476,0.5,1
60,100,2.5,0.38,138.0,0.1104267045454545,0.13363229166666665,4.784659090909091,4.210364583333334,2.2681474680205476,0.6,1
60,100,2.5,0.38,138.0,0.1104267045454545,0.13363229166666665,4.784659090909091,4.210364583333334,2.2681474680205476,0.7,1
60,100,2.5,0.38,138.0,0.1104267045454545,0.13363229166666665,4.784659090909091,4.210364583333334,2.2681474680205476,0.8,1
60,100,2.5,0.38,138.0,0.1104267045454545,0.13363229166666665,4.784659090909091,4.210364583333334,2.2681474680205476,0.9,1
60,100,2.5,0.38,138.0,0.1104267045454545,0.13363229166666665,4.784659090909091,4.210364583333334,2.2681474680205476,1.0,1
60,100,3.5,0.3333,98.0,0.11582604166666666,0.13770249999999995,4.515416666666667,4.119375,1.8320412741615082,0.1,0
60,100,3.5,0.3333,98.0,0.11582604166666666,0.13770249999999995,4.515416666666667,4.119375,1.8320412741615082,0.2,0
60,100,3.5,0.3333,98.0,0.11582604166666666,0.13770249999999995,4.515416666666667,4.119375,1.8320412741615082,0.3,0
60,100,3.5,0.3333,98.0,0.11582604166666666,0.13770249999999995,4.515416666666667,4.119375,1.8320412741615082,0.4,0
60,100,3.5,0.3333,98.0,0.11582604166666666,0.13770249999999995,4.515416666666667,4.119375,1.8320412741615082,0.5,0
60,100,3.5,0.3333,98.0,0.11582604166666666,0.13770249999999995,4.515416666666667,4.119375,1.8320412741615082,0.6,1
60,100,3.5,0.3333,98.0,0.11582604166666666,0.13770249999999995,4.515416666666667,4.119375,1.8320412741615082,0.7,1
60,100,3.5,0.3333,98.0,0.11582604166666666,0.13770249999999995,4.515416666666667,4.119375,1.8320412741615082,0.8,1
60,100,3.5,0.3333,98.0,0.11582604166666666,0.13770249999999995,4.515416666666667,4.119375,1.8320412741615082,0.9,1
60,100,3.5,0.3333,98.0,0.11582604166666666,0.13770249999999995,4.515416666666667,4.119375,1.8320412741615082,1.0,1
60,100,4.5,0.3274,75.0,0.114851282051282,0.13234479166666663,4.523696581196582,4.232569444444445,1.5147101742301503,0.1,1
60,100,4.5,0.3274,75.0,0.114851282051282,0.13234479166666663,4.523696581196582,4.232569444444445,1.5147101742301503,0.2,1
60,100,4.5,0.3274,75.0,0.114851282051282,0.13234479166666663,4.523696581196582,4.232569444444445,1.5147101742301503,0.3,1
60,100,4.5,0.3274,75.0,0.114851282051282,0.13234479166666663,4.523696581196582,4.232569444444445,1.5147101742301503,0.4,1
60,100,4.5,0.3274,75.0,0.114851282051282,0.13234479166666663,4.523696581196582,4.232569444444445,1.5147101742301503,0.5,1
60,100,4.5,0.3274,75.0,0.114851282051282,0.13234479166666663,4.523696581196582,4.232569444444445,1.5147101742301503,0.6,1
60,100,4.5,0.3274,75.0,0.114851282051282,0.13234479166666663,4.523696581196582,4.232569444444445,1.5147101742301503,0.7,1
60,100,4.5,0.3274,75.0,0.114851282051282,0.13234479166666663,4.523696581196582,4.232569444444445,1.5147101742301503,0.8,1
60,100,4.5,0.3274,75.0,0.114851282051282,0.13234479166666663,4.523696581196582,4.232569444444445,1.5147101742301503,0.9,1
60,100,4.5,0.3274,75.0,0.114851282051282,0.13234479166666663,4.523696581196582,4.232569444444445,1.5147101742301503,1.0,1
60,100,5.5,0.3261,61.0,0.10486875,0.1230818181818181,4.9975000000000005,4.307272727272727,2.534210418995176,0.1,1
60,100,5.5,0.3261,61.0,0.10486875,0.1230818181818181,4.9975000000000005,4.307272727272727,2.534210418995176,0.2,1
60,100,5.5,0.3261,61.0,0.10486875,0.1230818181818181,4.9975000000000005,4.307272727272727,2.534210418995176,0.3,1
60,100,5.5,0.3261,61.0,0.10486875,0.1230818181818181,4.9975000000000005,4.307272727272727,2.534210418995176,0.4,1
60,100,5.5,0.3261,61.0,0.10486875,0.1230818181818181,4.9975000000000005,4.307272727272727,2.534210418995176,0.5,1
60,100,5.5,0.3261,61.0,0.10486875,0.1230818181818181,4.9975000000000005,4.307272727272727,2.534210418995176,0.6,1
60,100,5.5,0.3261,61.0,0.10486875,0.1230818181818181,4.9975000000000005,4.307272727272727,2.534210418995176,0.7,1
60,100,5.5,0.3261,61.0,0.10486875,0.1230818181818181,4.9975000000000005,4.307272727272727,2.534210418995176,0.8,1
60,100,5.5,0.3261,61.0,0.10486875,0.1230818181818181,4.9975000000000005,4.307272727272727,2.534210418995176,0.9,1
60,100,5.5,0.3261,61.0,0.10486875,0.1230818181818181,4.9975000000000005,4.307272727272727,2.534210418995176,1.0,1
60,100,6.5,0.3611,49.0,0.1150272727272727,0.1387590909090909,4.496818181818182,3.7827272727272727,2.4315209715845674,0.1,0
60,100,6.5,0.3611,49.0,0.1150272727272727,0.1387590909090909,4.496818181818182,3.7827272727272727,2.4315209715845674,0.2,0
60,100,6.5,0.3611,49.0,0.1150272727272727,0.1387590909090909,4.496818181818182,3.7827272727272727,2.4315209715845674,0.3,0
60,100,6.5,0.3611,49.0,0.1150272727272727,0.1387590909090909,4.496818181818182,3.7827272727272727,2.4315209715845674,0.4,0
60,100,6.5,0.3611,49.0,0.1150272727272727,0.1387590909090909,4.496818181818182,3.7827272727272727,2.4315209715845674,0.5,0
60,100,6.5,0.3611,49.0,0.1150272727272727,0.1387590909090909,4.496818181818182,3.7827272727272727,2.4315209715845674,0.6,0
60,100,6.5,0.3611,49.0,0.1150272727272727,0.1387590909090909,4.496818181818182,3.7827272727272727,2.4315209715845674,0.7,0
60,100,6.5,0.3611,49.0,0.1150272727272727,0.1387590909090909,4.496818181818182,3.7827272727272727,2.4315209715845674,0.8,0
60,100,6.5,0.3611,49.0,0.1150272727272727,0.1387590909090909,4.496818181818182,3.7827272727272727,2.4315209715845674,0.9,0
60,100,6.5,0.3611,49.0,0.1150272727272727,0.1387590909090909,4.496818181818182,3.7827272727272727,2.4315209715845674,1.0,0
60,1600,2.5,0.018,255.0,0.13339874999999995,0.14011597222222222,6.047791666666667,6.487361111111111,,0.1,0
60,1600,2.5,0.018,255.0,0.13339874999999995,0.14011597222222222,6.047791666666667,6.487361111111111,,0.2,0
60,1600,2.5,0.018,255.0,0.13339874999999995,0.14011597222222222,6.047791666666667,6.487361111111111,,0.3,0
60,1600,2.5,0.018,255.0,0.13339874999999995,0.14011597222222222,6.047791666666667,6.487361111111111,,0.4,0
60,1600,2.5,0.018,255.0,0.13339874999999995,0.14011597222222222,6.047791666666667,6.487361111111111,,0.5,0
60,1600,2.5,0.018,255.0,0.13339874999999995,0.14011597222222222,6.047791666666667,6.487361111111111,,0.6,0
60,1600,2.5,0.018,255.0,0.13339874999999995,0.14011597222222222,6.047791666666667,6.487361111111111,,0.7,0
60,1600,2.5,0.018,255.0,0.13339874999999995,0.14011597222222222,6.047791666666667,6.487361111111111,,0.8,0
60,1600,2.5,0.018,255.0,0.13339874999999995,0.14011597222222222,6.047791666666667,6.487361111111111,,0.9,0
60,1600,2.5,0.018,255.0,0.13339874999999995,0.14011597222222222,6.047791666666667,6.487361111111111,,1.0,0
60,1600,3.5,0.0737,255.0,0.14927124999999997,0.1790420833333333,3.761416666666667,3.6050833333333334,1.0671859380747701,0.1,0
60,1600,3.5,0.0737,255.0,0.14927124999999997,0.1790420833333333,3.761416666666667,3.6050833333333334,1.0671859380747701,0.2,0
60,1600,3.5,0.0737,255.0,0.14927124999999997,0.1790420833333333,3.761416666666667,3.6050833333333334,1.0671859380747701,0.3,0
60,1600,3.5,0.0737,255.0,0.14927124999999997,0.1790420833333333,3.761416666666667,3.6050833333333334,1.0671859380747701,0.4,0
60,1600,3.5,0.0737,255.0,0.14927124999999997,0.1790420833333333,3.761416666666667,3.6050833333333334,1.0671859380747701,0.5,0
60,1600,3.5,0.0737,255.0,0.14927124999999997,0.1790420833333333,3.761416666666667,3.6050833333333334,1.0671859380747701,0.6,0
60,1600,3.5,0.0737,255.0,0.14927124999999997,0.1790420833333333,3.761416666666667,3.6050833333333334,1.0671859380747701,0.7,1
60,1600,3.5,0.0737,255.0,0.14927124999999997,0.1790420833333333,3.761416666666667,3.6050833333333334,1.0671859380747701,0.8,1
60,1600,3.5,0.0737,255.0,0.14927124999999997,0.1790420833333333,3.761416666666667,3.6050833333333334,1.0671859380747701,0.9,1
60,1600,3.5,0.0737,255.0,0.14927124999999997,0.1790420833333333,3.761416666666667,3.6050833333333334,1.0671859380747701,1.0,1
60,1600,4.5,0.1806,255.0,0.10845397058823525,0.12187205882352939,4.8223529411764705,4.535132352941177,1.212193476847831,0.1,1
60,1600,4.5,0.1806,255.0,0.10845397058823525,0.12187205882352939,4.8223529411764705,4.535132352941177,1.212193476847831,0.2,1
60,1600,4.5,0.1806,255.0,0.10845397058823525,0.12187205882352939,4.8223529411764705,4.535132352941177,1.212193476847831,0.3,1
60,1600,4.5,0.1806,255.0,0.10845397058823525,0.12187205882352939,4.8223529411764705,4.535132352941177,1.212193476847831,0.4,1
60,1600,4.5,0.1806,255.0,0.10845397058823525,0.12187205882352939,4.8223529411764705,4.535132352941177,1.212193476847831,0.5,1
60,1600,4.5,0.1806,255.0,0.10845397058823525,0.12187205882352939,4.8223529411764705,4.535132352941177,1.212193476847831,0.6,1
60,1600,4.5,0.1806,255.0,0.10845397058823525,0.12187205882352939,4.8223529411764705,4.535132352941177,1.212193476847831,0.7,1
60,1600,4.5,0.1806,255.0,0.10845397058823525,0.12187205882352939,4.8223529411764705,4.535132352941177,1.212193476847831,0.8,1
60,1600,4.5,0.1806,255.0,0.10845397058823525,0.12187205882352939,4.8223529411764705,4.535132352941177,1.212193476847831,0.9,1
60,1600,4.5,0.1806,255.0,0.10845397058823525,0.12187205882352939,4.8223529411764705,4.535132352941177,1.212193476847831,1.0,1
60,1600,5.5,0.2544,249.0,0.0958284722222222,0.11463472222222221,5.410486111111112,4.788333333333333,2.518085813304133,0.1,1
60,1600,5.5,0.2544,249.0,0.0958284722222222,0.11463472222222221,5.410486111111112,4.788333333333333,2.518085813304133,0.2,1
60,1600,5.5,0.2544,249.0,0.0958284722222222,0.11463472222222221,5.410486111111112,4.788333333333333,2.518085813304133,0.3,1
60,1600,5.5,0.2544,249.0,0.0958284722222222,0.11463472222222221,5.410486111111112,4.788333333333333,2.518085813304133,0.4,1
60,1600,5.5,0.2544,249.0,0.0958284722222222,0.11463472222222221,5.410486111111112,4.788333333333333,2.518085813304133,0.5,1
60,1600,5.5,0.2544,249.0,0.0958284722222222,0.11463472222222221,5.410486111111112,4.788333333333333,2.518085813304133,0.6,1
60,1600,5.5,0.2544,249.0,0.0958284722222222,0.11463472222222221,5.410486111111112,4.788333333333333,2.518085813304133,0.7,1
60,1600,5.5,0.2544,249.0,0.0958284722222222,0.11463472222222221,5.410486111111112,4.788333333333333,2.518085813304133,0.8,1
60,1600,5.5,0.2544,249.0,0.0958284722222222,0.11463472222222221,5.410486111111112,4.788333333333333,2.518085813304133,0.9,1
60,1600,5.5,0.2544,249.0,0.0958284722222222,0.11463472222222221,5.410486111111112,4.788333333333333,2.518085813304133,1.0,1
60,1600,6.5,0.2597,211.0,0.08513124999999999,0.08232125,6.1422083333333335,6.230958333333334,,0.1,1
60,1600,6.5,0.2597,211.0,0.08513124999999999,0.08232125,6.1422083333333335,6.230958333333334,,0.2,1
60,1600,6.5,0.2597,211.0,0.08513124999999999,0.08232125,6.1422083333333335,6.230958333333334,,0.3,1
60,1600,6.5,0.2597,211.0,0.08513124999999999,0.08232125,6.1422083333333335,6.230958333333334,,0.4,1
60,1600,6.5,0.2597,211.0,0.08513124999999999,0.08232125,6.1422083333333335,6.230958333333334,,0.5,1
60,1600,6.5,0.2597,211.0,0.08513124999999999,0.08232125,6.1422083333333335,6.230958333333334,,0.6,1
60,1600,6.5,0.2597,211.0,0.08513124999999999,0.08232125,6.1422083333333335,6.230958333333334,,0.7,1
60,1600,6.5,0.2597,211.0,0.08513124999999999,0.08232125,6.1422083333333335,6.230958333333334,,0.8,1
60,1600,6.5,0.2597,211.0,0.08513124999999999,0.08232125,6.1422083333333335,6.230958333333334,,0.9,1
60,1600,6.5,0.2597,211.0,0.08513124999999999,0.08232125,6.1422083333333335,6.230958333333334,,1.0,1
60,200,2.5,0.3643,191.0,0.1207322727272727,0.1416136363636363,4.275848484848485,4.0075852272727275,1.4493001064413413,0.1,1
60,200,2.5,0.3643,191.0,0.1207322727272727,0.1416136363636363,4.275848484848485,4.0075852272727275,1.4493001064413413,0.2,1
60,200,2.5,0.3643,191.0,0.1207322727272727,0.1416136363636363,4.275848484848485,4.0075852272727275,1.4493001064413413,0.3,1
60,200,2.5,0.3643,191.0,0.1207322727272727,0.1416136363636363,4.275848484848485,4.0075852272727275,1.4493001064413413,0.4,1
60,200,2.5,0.3643,191.0,0.1207322727272727,0.1416136363636363,4.275848484848485,4.0075852272727275,1.4493001064413413,0.5,1
60,200,2.5,0.3643,191.0,0.1207322727272727,0.1416136363636363,4.275848484848485,4.0075852272727275,1.4493001064413413,0.6,1
60,200,2.5,0.3643,191.0,0.1207322727272727,0.1416136363636363,4.275848484848485,4.0075852272727275,1.4493001064413413,0.7,1
60,200,2.5,0.3643,191.0,0.1207322727272727,0.1416136363636363,4.275848484848485,4.0075852272727275,1.4493001064413413,0.8,1
60,200,2.5,0.3643,191.0,0.1207322727272727,0.1416136363636363,4.275848484848485,4.0075852272727275,1.4493001064413413,0.9,1
60,200,2.5,0.3643,191.0,0.1207322727272727,0.1416136363636363,4.275848484848485,4.0075852272727275,1.4493001064413413,1.0,1
60,200,3.5,0.3116,141.0,0.11574309954751125,0.13845122377622374,4.504185520361991,4.139825174825175,1.7340634826491157,0.1,0
60,200,3.5,0.3116,141.0,0.11574309954751125,0.13845122377622374,4.504185520361991,4.139825174825175,1.7340634826491157,0.2,0
60,200,3.5,0.3116,141.0,0.11574309954751125,0.13845122377622374,4.504185520361991,4.139825174825175,1.7340634826491157,0.3,1
60,200,3.5,0.3116,141.0,0.11574309954751125,0.13845122377622374,4.504185520361991,4.139825174825175,1.7340634826491157,0.4,1
60,200,3.5,0.3116,141.0,0.11574309954751125,0.13845122377622374,4.504185520361991,4.139825174825175,1.7340634826491157,0.5,1
60,200,3.5,0.3116,141.0,0.11574309954751125,0.13845122377622374,4.504185520361991,4.139825174825175,1.7340634826491157,0.6,1
60,200,3.5,0.3116,141.0,0.11574309954751125,0.13845122377622374,4.504185520361991,4.139825174825175,1.7340634826491157,0.7,1
60,200,3.5,0.3116,141.0,0.11574309954751125,0.13845122377622374,4.504185520361991,4.139825174825175,1.7340634826491157,0.8,1
60,200,3.5,0.3116,141.0,0.11574309954751125,0.13845122377622374,4.504185520361991,4.139825174825175,1.7340634826491157,0.9,1
60,200,3.5,0.3116,141.0,0.11574309954751125,0.13845122377622374,4.504185520361991,4.139825174825175,1.7340634826491157,1.0,1
60,200,4.5,0.2899,109.0,0.1090722222222222,0.1232722222222222,4.799722222222222,4.515833333333333,2.344950248228447,0.1,1
60,200,4.5,0.2899,109.0,0.1090722222222222,0.1232722222222222,4.799722222222222,4.515833333333333,2.344950248228447,0.2,1
60,200,4.5,0.2899,109.0,0.1090722222222222,0.1232722222222222,4.799722222222222,4.515833333333333,2.344950248228447,0.3,1
60,200,4.5,0.2899,109.0,0.1090722222222222,0.1232722222222222,4.799722222222222,4.515833333333333,2.344950248228447,0.4,1
60,200,4.5,0.2899,109.0,0.1090722222222222,0.1232722222222222,4.799722222222222,4.515833333333333,2.344950248228447,0.5,1
60,200,4.5,0.2899,109.0,0.1090722222222222,0.1232722222222222,4.799722222222222,4.515833333333333,2.344950248228447,0.6,1
60,200,4.5,0.2899,109.0,0.1090722222222222,0.1232722222222222,4.799722222222222,4.515833333333333,2.344950248228447,0.7,1
60,200,4.5,0.2899,109.0,0.1090722222222222,0.1232722222222222,4.799722222222222,4.515833333333333,2.344950248228447,0.8,1
60,200,4.5,0.2899,109.0,0.1090722222222222,0.1232722222222222,4.799722222222222,4.515833333333333,2.344950248228447,0.9,1
60,200,4.5,0.2899,109.0,0.1090722222222222,0.1232722222222222,4.799722222222222,4.515833333333333,2.344950248228447,1.0,1
60,200,5.5,0.2993,89.0,0.09788043478260865,0.11672041666666666,5.2818764302059495,4.662583333333333,2.4805638293877195,0.1,0
60,200,5.5,0.2993,89.0,0.09788043478260865,0.11672041666666666,5.2818764302059495,4.662583333333333,2.4805638293877195,0.2,0
60,200,5.5,0.2993,89.0,0.09788043478260865,0.11672041666666666,5.2818764302059495,4.662583333333333,2.4805638293877195,0.3,0
60,200,5.5,0.2993,89.0,0.09788043478260865,0.11672041666666666,5.2818764302059495,4.662583333333333,2.4805638293877195,0.4,0
60,200,5.5,0.2993,89.0,0.09788043478260865,0.11672041666666666,5.2818764302059495,4.662583333333333,2.4805638293877195,0.5,0
60,200,5.5,0.2993,89.0,0.09788043478260865,0.11672041666666666,5.2818764302059495,4.662583333333333,2.4805638293877195,0.6,0
60,200,5.5,0.2993,89.0,0.09788043478260865,0.11672041666666666,5.2818764302059495,4.662583333333333,2.4805638293877195,0.7,1
60,200,5.5,0.2993,89.0,0.09788043478260865,0.11672041666666666,5.2818764302059495,4.662583333333333,2.4805638293877195,0.8,1
60,200,5.5,0.2993,89.0,0.09788043478260865,0.11672041666666666,5.2818764302059495,4.662583333333333,2.4805638293877195,0.9,1
60,200,5.5,0.2993,89.0,0.09788043478260865,0.11672041666666666,5.2818764302059495,4.662583333333333,2.4805638293877195,1.0,1
60,200,6.5,0.3153,73.0,0.09096944444444441,0.08953124999999995,5.742430555555556,5.779236111111111,,0.1,0
60,200,6.5,0.3153,73.0,0.09096944444444441,0.08953124999999995,5.742430555555556,5.779236111111111,,0.2,0
60,200,6.5,0.3153,73.0,0.09096944444444441,0.08953124999999995,5.742430555555556,5.779236111111111,,0.3,0
60,200,6.5,0.3153,73.0,0.09096944444444441,0.08953124999999995,5.742430555555556,5.779236111111111,,0.4,0
60,200,6.5,0.3153,73.0,0.09096944444444441,0.08953124999999995,5.742430555555556,5.779236111111111,,0.5,0
60,200,6.5,0.3153,73.0,0.09096944444444441,0.08953124999999995,5.742430555555556,5.779236111111111,,0.6,0
60,200,6.5,0.3153,73.0,0.09096944444444441,0.08953124999999995,5.742430555555556,5.779236111111111,,0.7,0
60,200,6.5,0.3153,73.0,0.09096944444444441,0.08953124999999995,5.742430555555556,5.779236111111111,,0.8,0
60,200,6.5,0.3153,73.0,0.09096944444444441,0.08953124999999995,5.742430555555556,5.779236111111111,,0.9,0
60,200,6.5,0.3153,73.0,0.09096944444444441,0.08953124999999995,5.742430555555556,5.779236111111111,,1.0,0
60,400,2.5,0.3646,189.0,0.1066833333333333,0.12392986111111105,4.880416666666667,4.747430555555556,2.5027046134021584,0.1,1
60,400,2.5,0.3646,189.0,0.1066833333333333,0.12392986111111105,4.880416666666667,4.747430555555556,2.5027046134021584,0.2,1
60,400,2.5,0.3646,189.0,0.1066833333333333,0.12392986111111105,4.880416666666667,4.747430555555556,2.5027046134021584,0.3,1
60,400,2.5,0.3646,189.0,0.1066833333333333,0.12392986111111105,4.880416666666667,4.747430555555556,2.5027046134021584,0.4,1
60,400,2.5,0.3646,189.0,0.1066833333333333,0.12392986111111105,4.880416666666667,4.747430555555556,2.5027046134021584,0.5,1
60,400,2.5,0.3646,189.0,0.1066833333333333,0.12392986111111105,4.880416666666667,4.747430555555556,2.5027046134021584,0.6,1
60,400,2.5,0.3646,189.0,0.1066833333333333,0.12392986111111105,4.880416666666667,4.747430555555556,2.5027046134021584,0.7,1
60,400,2.5,0.3646,189.0,0.1066833333333333,0.12392986111111105,4.880416666666667,4.747430555555556,2.5027046134021584,0.8,1
60,400,2.5,0.3646,189.0,0.1066833333333333,0.12392986111111105,4.880416666666667,4.747430555555556,2.5027046134021584,0.9,1
60,400,2.5,0.3646,189.0,0.1066833333333333,0.12392986111111105,4.880416666666667,4.747430555555556,2.5027046134021584,1.0,1
60,400,3.5,0.3081,138.0,0.10249,0.13336557692307688,5.026454545454545,4.405365384615385,2.389902794478245,0.1,0
60,400,3.5,0.3081,138.0,0.10249,0.13336557692307688,5.026454545454545,4.405365384615385,2.389902794478245,0.2,0
60,400,3.5,0.3081,138.0,0.10249,0.13336557692307688,5.026454545454545,4.405365384615385,2.389902794478245,0.3,0
60,400,3.5,0.3081,138.0,0.10249,0.13336557692307688,5.026454545454545,4.405365384615385,2.389902794478245,0.4,1
60,400,3.5,0.3081,138.0,0.10249,0.13336557692307688,5.026454545454545,4.405365384615385,2.389902794478245,0.5,1
60,400,3.5,0.3081,138.0,0.10249,0.13336557692307688,5.026454545454545,4.405365384615385,2.389902794478245,0.6,1
60,400,3.5,0.3081,138.0,0.10249,0.13336557692307688,5.026454545454545,4.405365384615385,2.389902794478245,0.7,1
60,400,3.5,0.3081,138.0,0.10249,0.13336557692307688,5.026454545454545,4.405365384615385,2.389902794478245,0.8,1
60,400,3.5,0.3081,138.0,0.10249,0.13336557692307688,5.026454545454545,4.405365384615385,2.389902794478245,0.9,1
60,400,3.5,0.3081,138.0,0.10249,0.13336557692307688,5.026454545454545,4.405365384615385,2.389902794478245,1.0,1
60,400,4.5,0.2749,160.0,0.08852196969696965,0.0944444444444444,6.207449494949495,5.9961111111111105,1.5098266589233345,0.1,1
60,400,4.5,0.2749,160.0,0.08852196969696965,0.0944444444444444,6.207449494949495,5.9961111111111105,1.5098266589233345,0.2,1
60,400,4.5,0.2749,160.0,0.08852196969696965,0.0944444444444444,6.207449494949495,5.9961111111111105,1.5098266589233345,0.3,1
60,400,4.5,0.2749,160.0,0.08852196969696965,0.0944444444444444,6.207449494949495,5.9961111111111105,1.5098266589233345,0.4,1
60,400,4.5,0.2749,160.0,0.08852196969696965,0.0944444444444444,6.207449494949495,5.9961111111111105,1.5098266589233345,0.5,1
60,400,4.5,0.2749,160.0,0.08852196969696965,0.0944444444444444,6.207449494949495,5.9961111111111105,1.5098266589233345,0.6,1
60,400,4.5,0.2749,160.0,0.08852196969696965,0.0944444444444444,6.207449494949495,5.9961111111111105,1.5098266589233345,0.7,1
60,400,4.5,0.2749,160.0,0.08852196969696965,0.0944444444444444,6.207449494949495,5.9961111111111105,1.5098266589233345,0.8,1
60,400,4.5,0.2749,160.0,0.08852196969696965,0.0944444444444444,6.207449494949495,5.9961111111111105,1.5098266589233345,0.9,1
60,400,4.5,0.2749,160.0,0.08852196969696965,0.0944444444444444,6.207449494949495,5.9961111111111105,1.5098266589233345,1.0,1
60,400,5.5,0.2745,130.0,0.11442071428571425,0.13370153846153846,4.505857142857143,4.0357692307692306,2.0033521102321874,0.1,0
60,400,5.5,0.2745,130.0,0.11442071428571425,0.13370153846153846,4.505857142857143,4.0357692307692306,2.0033521102321874,0.2,0
60,400,5.5,0.2745,130.0,0.11442071428571425,0.13370153846153846,4.505857142857143,4.0357692307692306,2.0033521102321874,0.3,0
60,400,5.5,0.2745,130.0,0.11442071428571425,0.13370153846153846,4.505857142857143,4.0357692307692306,2.0033521102321874,0.4,0
60,400,5.5,0.2745,130.0,0.11442071428571425,0.13370153846153846,4.505857142857143,4.0357692307692306,2.0033521102321874,0.5,0
60,400,5.5,0.2745,130.0,0.11442071428571425,0.13370153846153846,4.505857142857143,4.0357692307692306,2.0033521102321874,0.6,0
60,400,5.5,0.2745,130.0,0.11442071428571425,0.13370153846153846,4.505857142857143,4.0357692307692306,2.0033521102321874,0.7,1
60,400,5.5,0.2745,130.0,0.11442071428571425,0.13370153846153846,4.505857142857143,4.0357692307692306,2.0033521102321874,0.8,1
60,400,5.5,0.2745,130.0,0.11442071428571425,0.13370153846153846,4.505857142857143,4.0357692307692306,2.0033521102321874,0.9,1
60,400,5.5,0.2745,130.0,0.11442071428571425,0.13370153846153846,4.505857142857143,4.0357692307692306,2.0033521102321874,1.0,1
60,400,6.5,0.2883,105.0,0.1138041666666666,0.1390798611111111,4.568958333333333,3.839722222222222,2.474972898832748,0.1,1
60,400,6.5,0.2883,105.0,0.1138041666666666,0.1390798611111111,4.568958333333333,3.839722222222222,2.474972898832748,0.2,1
60,400,6.5,0.2883,105.0,0.1138041666666666,0.1390798611111111,4.568958333333333,3.839722222222222,2.474972898832748,0.3,1
60,400,6.5,0.2883,105.0,0.1138041666666666,0.1390798611111111,4.568958333333333,3.839722222222222,2.474972898832748,0.4,1
60,400,6.5,0.2883,105.0,0.1138041666666666,0.1390798611111111,4.568958333333333,3.839722222222222,2.474972898832748,0.5,1
60,400,6.5,0.2883,105.0,0.1138041666666666,0.1390798611111111,4.568958333333333,3.839722222222222,2.474972898832748,0.6,1
60,400,6.5,0.2883,105.0,0.1138041666666666,0.1390798611111111,4.568958333333333,3.839722222222222,2.474972898832748,0.7,1
60,400,6.5,0.2883,105.0,0.1138041666666666,0.1390798611111111,4.568958333333333,3.839722222222222,2.474972898832748,0.8,1
60,400,6.5,0.2883,105.0,0.1138041666666666,0.1390798611111111,4.568958333333333,3.839722222222222,2.474972898832748,0.9,1
60,400,6.5,0.2883,105.0,0.1138041666666666,0.1390798611111111,4.568958333333333,3.839722222222222,2.474972898832748,1.0,1
60,800,2.5,0.1833,255.0,0.1291963942307692,0.15696490384615386,4.309615384615385,3.902259615384615,1.8212873497786521,0.1,1
60,800,2.5,0.1833,255.0,0.1291963942307692,0.15696490384615386,4.309615384615385,3.902259615384615,1.8212873497786521,0.2,1
60,800,2.5,0.1833,255.0,0.1291963942307692,0.15696490384615386,4.309615384615385,3.902259615384615,1.8212873497786521,0.3,1
60,800,2.5,0.1833,255.0,0.1291963942307692,0.15696490384615386,4.309615384615385,3.902259615384615,1.8212873497786521,0.4,1
60,800,2.5,0.1833,255.0,0.1291963942307692,0.15696490384615386,4.309615384615385,3.902259615384615,1.8212873497786521,0.5,1
60,800,2.5,0.1833,255.0,0.1291963942307692,0.15696490384615386,4.309615384615385,3.902259615384615,1.8212873497786521,0.6,1
60,800,2.5,0.1833,255.0,0.1291963942307692,0.15696490384615386,4.309615384615385,3.902259615384615,1.8212873497786521,0.7,1
60,800,2.5,0.1833,255.0,0.1291963942307692,0.15696490384615386,4.309615384615385,3.902259615384615,1.8212873497786521,0.8,1
60,800,2.5,0.1833,255.0,0.1291963942307692,0.15696490384615386,4.309615384615385,3.902259615384615,1.8212873497786521,0.9,1
60,800,2.5,0.1833,255.0,0.1291963942307692,0.15696490384615386,4.309615384615385,3.902259615384615,1.8212873497786521,1.0,1
60,800,3.5,0.2379,255.0,0.1184535714285714,0.145535119047619,4.420357142857142,3.9923611111111112,1.8937589866609363,0.1,0
60,800,3.5,0.2379,255.0,0.1184535714285714,0.145535119047619,4.420357142857142,3.9923611111111112,1.8937589866609363,0.2,1
60,800,3.5,0.2379,255.0,0.1184535714285714,0.145535119047619,4.420357142857142,3.9923611111111112,1.8937589866609363,0.3,1
60,800,3.5,0.2379,255.0,0.1184535714285714,0.145535119047619,4.420357142857142,3.9923611111111112,1.8937589866609363,0.4,1
60,800,3.5,0.2379,255.0,0.1184535714285714,0.145535119047619,4.420357142857142,3.9923611111111112,1.8937589866609363,0.5,1
60,800,3.5,0.2379,255.0,0.1184535714285714,0.145535119047619,4.420357142857142,3.9923611111111112,1.8937589866609363,0.6,1
60,800,3.5,0.2379,255.0,0.1184535714285714,0.145535119047619,4.420357142857142,3.9923611111111112,1.8937589866609363,0.7,1
60,800,3.5,0.2379,255.0,0.1184535714285714,0.145535119047619,4.420357142857142,3.9923611111111112,1.8937589866609363,0.8,1
60,800,3.5,0.2379,255.0,0.1184535714285714,0.145535119047619,4.420357142857142,3.9923611111111112,1.8937589866609363,0.9,1
60,800,3.5,0.2379,255.0,0.1184535714285714,0.145535119047619,4.420357142857142,3.9923611111111112,1.8937589866609363,1.0,1
60,800,4.5,0.269,217.0,0.109,0.1220111111111111,4.8244444444444445,4.579444444444444,2.2691550203044404,0.1,1
60,800,4.5,0.269,217.0,0.109,0.1220111111111111,4.8244444444444445,4.579444444444444,2.2691550203044404,0.2,1
60,800,4.5,0.269,217.0,0.109,0.1220111111111111,4.8244444444444445,4.579444444444444,2.2691550203044404,0.3,1
60,800,4.5,0.269,217.0,0.109,0.1220111111111111,4.8244444444444445,4.579444444444444,2.2691550203044404,0.4,1
60,800,4.5,0.269,217.0,0.109,0.1220111111111111,4.8244444444444445,4.579444444444444,2.2691550203044404,0.5,1
60,800,4.5,0.269,217.0,0.109,0.1220111111111111,4.8244444444444445,4.579444444444444,2.2691550203044404,0.6,1
60,800,4.5,0.269,217.0,0.109,0.1220111111111111,4.8244444444444445,4.579444444444444,2.2691550203044404,0.7,1
60,800,4.5,0.269,217.0,0.109,0.1220111111111111,4.8244444444444445,4.579444444444444,2.2691550203044404,0.8,1
60,800,4.5,0.269,217.0,0.109,0.1220111111111111,4.8244444444444445,4.579444444444444,2.2691550203044404,0.9,1
60,800,4.5,0.269,217.0,0.109,0.1220111111111111,4.8244444444444445,4.579444444444444,2.2691550203044404,1.0,1
60,800,5.5,0.2632,180.0,0.10078134920634915,0.11560972222222216,5.281666666666666,4.659166666666666,2.487303446342297,0.1,1
60,800,5.5,0.2632,180.0,0.10078134920634915,0.11560972222222216,5.281666666666666,4.659166666666666,2.487303446342297,0.2,1
60,800,5.5,0.2632,180.0,0.10078134920634915,0.11560972222222216,5.281666666666666,4.659166666666666,2.487303446342297,0.3,1
60,800,5.5,0.2632,180.0,0.10078134920634915,0.11560972222222216,5.281666666666666,4.659166666666666,2.487303446342297,0.4,1
60,800,5.5,0.2632,180.0,0.10078134920634915,0.11560972222222216,5.281666666666666,4.659166666666666,2.487303446342297,0.5,1
60,800,5.5,0.2632,180.0,0.10078134920634915,0.11560972222222216,5.281666666666666,4.659166666666666,2.487303446342297,0.6,1
60,800,5.5,0.2632,180.0,0.10078134920634915,0.11560972222222216,5.281666666666666,4.659166666666666,2.487303446342297,0.7,1
60,800,5.5,0.2632,180.0,0.10078134920634915,0.11560972222222216,5.281666666666666,4.659166666666666,2.487303446342297,0.8,1
60,800,5.5,0.2632,180.0,0.10078134920634915,0.11560972222222216,5.281666666666666,4.659166666666666,2.487303446342297,0.9,1
60,800,5.5,0.2632,180.0,0.10078134920634915,0.11560972222222216,5.281666666666666,4.659166666666666,2.487303446342297,1.0,1
60,800,6.5,0.2759,148.0,0.08512832167832166,0.0867912587412587,6.0461713286713294,6.013216783216783,0.6269450933829934,0.1,1
60,800,6.5,0.2759,148.0,0.08512832167832166,0.0867912587412587,6.0461713286713294,6.013216783216783,0.6269450933829934,0.2,1
60,800,6.5,0.2759,148.0,0.08512832167832166,0.0867912587412587,6.0461713286713294,6.013216783216783,0.6269450933829934,0.3,1
60,800,6.5,0.2759,148.0,0.08512832167832166,0.0867912587412587,6.0461713286713294,6.013216783216783,0.6269450933829934,0.4,1
60,800,6.5,0.2759,148.0,0.08512832167832166,0.0867912587412587,6.0461713286713294,6.013216783216783,0.6269450933829934,0.5,1
60,800,6.5,0.2759,148.0,0.08512832167832166,0.0867912587412587,6.0461713286713294,6.013216783216783,0.6269450933829934,0.6,1
60,800,6.5,0.2759,148.0,0.08512832167832166,0.0867912587412587,6.0461713286713294,6.013216783216783,0.6269450933829934,0.7,1
60,800,6.5,0.2759,148.0,0.08512832167832166,0.0867912587412587,6.0461713286713294,6.013216783216783,0.6269450933829934,0.8,1
60,800,6.5,0.2759,148.0,0.08512832167832166,0.0867912587412587,6.0461713286713294,6.013216783216783,0.6269450933829934,0.9,1
60,800,6.5,0.2759,148.0,0.08512832167832166,0.0867912587412587,6.0461713286713294,6.013216783216783,0.6269450933829934,1.0,1
80,100,2.5,0.3878,136.0,0.102321875,0.140278125,4.931875,4.07125,2.7803658727338085,0.1,0
80,100,2.5,0.3878,136.0,0.102321875,0.140278125,4.931875,4.07125,2.7803658727338085,0.2,0
80,100,2.5,0.3878,136.0,0.102321875,0.140278125,4.931875,4.07125,2.7803658727338085,0.3,0
80,100,2.5,0.3878,136.0,0.102321875,0.140278125,4.931875,4.07125,2.7803658727338085,0.4,0
80,100,2.5,0.3878,136.0,0.102321875,0.140278125,4.931875,4.07125,2.7803658727338085,0.5,1
80,100,2.5,0.3878,136.0,0.102321875,0.140278125,4.931875,4.07125,2.7803658727338085,0.6,1
80,100,2.5,0.3878,136.0,0.102321875,0.140278125,4.931875,4.07125,2.7803658727338085,0.7,1
80,100,2.5,0.3878,136.0,0.102321875,0.140278125,4.931875,4.07125,2.7803658727338085,0.8,1
80,100,2.5,0.3878,136.0,0.102321875,0.140278125,4.931875,4.07125,2.7803658727338085,0.9,1
80,100,2.5,0.3878,136.0,0.102321875,0.140278125,4.931875,4.07125,2.7803658727338085,1.0,1
80,100,3.5,0.3247,102.0,0.10766749999999994,0.14654937499999998,4.703916666666666,3.9640625,2.527517064204922,0.1,1
80,100,3.5,0.3247,102.0,0.10766749999999994,0.14654937499999998,4.703916666666666,3.9640625,2.527517064204922,0.2,1
80,100,3.5,0.3247,102.0,0.10766749999999994,0.14654937499999998,4.703916666666666,3.9640625,2.527517064204922,0.3,1
80,100,3.5,0.3247,102.0,0.10766749999999994,0.14654937499999998,4.703916666666666,3.9640625,2.527517064204922,0.4,1
80,100,3.5,0.3247,102.0,0.10766749999999994,0.14654937499999998,4.703916666666666,3.9640625,2.527517064204922,0.5,1
80,100,3.5,0.3247,102.0,0.10766749999999994,0.14654937499999998,4.703916666666666,3.9640625,2.527517064204922,0.6,1
80,100,3.5,0.3247,102.0,0.10766749999999994,0.14654937499999998,4.703916666666666,3.9640625,2.527517064204922,0.7,1
80,100,3.5,0.3247,102.0,0.10766749999999994,0.14654937499999998,4.703916666666666,3.9640625,2.527517064204922,0.8,1
80,100,3.5,0.3247,102.0,0.10766749999999994,0.14654937499999998,4.703916666666666,3.9640625,2.527517064204922,0.9,1
80,100,3.5,0.3247,102.0,0.10766749999999994,0.14654937499999998,4.703916666666666,3.9640625,2.527517064204922,1.0,1
80,100,4.5,0.3274,75.0,0.10195416666666665,0.12977083333333328,4.960520833333334,4.285,2.4798041103304893,0.1,1
80,100,4.5,0.3274,75.0,0.10195416666666665,0.12977083333333328,4.960520833333334,4.285,2.4798041103304893,0.2,1
80,100,4.5,0.3274,75.0,0.10195416666666665,0.12977083333333328,4.960520833333334,4.285,2.4798041103304893,0.3,1
80,100,4.5,0.3274,75.0,0.10195416666666665,0.12977083333333328,4.960520833333334,4.285,2.4798041103304893,0.4,1
80,100,4.5,0.3274,75.0,0.10195416666666665,0.12977083333333328,4.960520833333334,4.285,2.4798041103304893,0.5,1
80,100,4.5,0.3274,75.0,0.10195416666666665,0.12977083333333328,4.960520833333334,4.285,2.4798041103304893,0.6,1
80,100,4.5,0.3274,75.0,0.10195416666666665,0.12977083333333328,4.960520833333334,4.285,2.4798041103304893,0.7,1
80,100,4.5,0.3274,75.0,0.10195416666666665,0.12977083333333328,4.960520833333334,4.285,2.4798041103304893,0.8,1
80,100,4.5,0.3274,75.0,0.10195416666666665,0.12977083333333328,4.960520833333334,4.285,2.4798041103304893,0.9,1
80,100,4.5,0.3274,75.0,0.10195416666666665,0.12977083333333328,4.960520833333334,4.285,2.4798041103304893,1.0,1
80,100,5.5,0.3261,61.0,0.1012071428571428,0.1259571428571428,5.315714285714286,4.479285714285714,2.862291607936702,0.1,1
80,100,5.5,0.3261,61.0,0.1012071428571428,0.1259571428571428,5.315714285714286,4.479285714285714,2.862291607936702,0.2,1
80,100,5.5,0.3261,61.0,0.1012071428571428,0.1259571428571428,5.315714285714286,4.479285714285714,2.862291607936702,0.3,1
80,100,5.5,0.3261,61.0,0.1012071428571428,0.1259571428571428,5.315714285714286,4.479285714285714,2.862291607936702,0.4,1
80,100,5.5,0.3261,61.0,0.1012071428571428,0.1259571428571428,5.315714285714286,4.479285714285714,2.862291607936702,0.5,1
80,100,5.5,0.3261,61.0,0.1012071428571428,0.1259571428571428,5.315714285714286,4.479285714285714,2.862291607936702,0.6,1
80,100,5.5,0.3261,61.0,0.1012071428571428,0.1259571428571428,5.315714285714286,4.479285714285714,2.862291607936702,0.7,1
80,100,5.5,0.3261,61.0,0.1012071428571428,0.1259571428571428,5.315714285714286,4.479285714285714,2.862291607936702,0.8,1
80,100,5.5,0.3261,61.0,0.1012071428571428,0.1259571428571428,5.315714285714286,4.479285714285714,2.862291607936702,0.9,1
80,100,5.5,0.3261,61.0,0.1012071428571428,0.1259571428571428,5.315714285714286,4.479285714285714,2.862291607936702,1.0,1
80,100,6.5,0.3623,47.0,0.10701875,0.1375875,4.841875,3.8375,2.952503165144579,0.1,0
80,100,6.5,0.3623,47.0,0.10701875,0.1375875,4.841875,3.8375,2.952503165144579,0.2,0
80,100,6.5,0.3623,47.0,0.10701875,0.1375875,4.841875,3.8375,2.952503165144579,0.3,0
80,100,6.5,0.3623,47.0,0.10701875,0.1375875,4.841875,3.8375,2.952503165144579,0.4,0
80,100,6.5,0.3623,47.0,0.10701875,0.1375875,4.841875,3.8375,2.952503165144579,0.5,0
80,100,6.5,0.3623,47.0,0.10701875,0.1375875,4.841875,3.8375,2.952503165144579,0.6,0
80,100,6.5,0.3623,47.0,0.10701875,0.1375875,4.841875,3.8375,2.952503165144579,0.7,0
80,100,6.5,0.3623,47.0,0.10701875,0.1375875,4.841875,3.8375,2.952503165144579,0.8,0
80,100,6.5,0.3623,47.0,0.10701875,0.1375875,4.841875,3.8375,2.952503165144579,0.9,0
80,100,6.5,0.3623,47.0,0.10701875,0.1375875,4.841875,3.8375,2.952503165144579,1.0,0
80,1600,2.5,0.0079,255.0,0.13300863095238097,0.14292982954545452,7.222872023809524,5.86403409090909,4.032893990223811,0.1,0
80,1600,2.5,0.0079,255.0,0.13300863095238097,0.14292982954545452,7.222872023809524,5.86403409090909,4.032893990223811,0.2,0
80,1600,2.5,0.0079,255.0,0.13300863095238097,0.14292982954545452,7.222872023809524,5.86403409090909,4.032893990223811,0.3,0
80,1600,2.5,0.0079,255.0,0.13300863095238097,0.14292982954545452,7.222872023809524,5.86403409090909,4.032893990223811,0.4,0
80,1600,2.5,0.0079,255.0,0.13300863095238097,0.14292982954545452,7.222872023809524,5.86403409090909,4.032893990223811,0.5,0
80,1600,2.5,0.0079,255.0,0.13300863095238097,0.14292982954545452,7.222872023809524,5.86403409090909,4.032893990223811,0.6,0
80,1600,2.5,0.0079,255.0,0.13300863095238097,0.14292982954545452,7.222872023809524,5.86403409090909,4.032893990223811,0.7,0
80,1600,2.5,0.0079,255.0,0.13300863095238097,0.14292982954545452,7.222872023809524,5.86403409090909,4.032893990223811,0.8,0
80,1600,2.5,0.0079,255.0,0.13300863095238097,0.14292982954545452,7.222872023809524,5.86403409090909,4.032893990223811,0.9,0
80,1600,2.5,0.0079,255.0,0.13300863095238097,0.14292982954545452,7.222872023809524,5.86403409090909,4.032893990223811,1.0,0
80,1600,3.5,0.0625,255.0,0.13370426136363636,0.18220772727272724,4.329176136363636,3.6592272727272728,2.301806366139843,0.1,1
80,1600,3.5,0.0625,255.0,0.13370426136363636,0.18220772727272724,4.329176136363636,3.6592272727272728,2.301806366139843,0.2,1
80,1600,3.5,0.0625,255.0,0.13370426136363636,0.18220772727272724,4.329176136363636,3.6592272727272728,2.301806366139843,0.3,1
80,1600,3.5,0.0625,255.0,0.13370426136363636,0.18220772727272724,4.329176136363636,3.6592272727272728,2.301806366139843,0.4,1
80,1600,3.5,0.0625,255.0,0.13370426136363636,0.18220772727272724,4.329176136363636,3.6592272727272728,2.301806366139843,0.5,1
80,1600,3.5,0.0625,255.0,0.13370426136363636,0.18220772727272724,4.329176136363636,3.6592272727272728,2.301806366139843,0.6,1
80,1600,3.5,0.0625,255.0,0.13370426136363636,0.18220772727272724,4.329176136363636,3.6592272727272728,2.301806366139843,0.7,1
80,1600,3.5,0.0625,255.0,0.13370426136363636,0.18220772727272724,4.329176136363636,3.6592272727272728,2.301806366139843,0.8,1
80,1600,3.5,0.0625,255.0,0.13370426136363636,0.18220772727272724,4.329176136363636,3.6592272727272728,2.301806366139843,0.9,1
80,1600,3.5,0.0625,255.0,0.13370426136363636,0.18220772727272724,4.329176136363636,3.6592272727272728,2.301806366139843,1.0,1
80,1600,4.5,0.1972,255.0,0.09928895833333329,0.12290374999999995,5.160375,4.5299375,2.447614176526902,0.1,0
80,1600,4.5,0.1972,255.0,0.09928895833333329,0.12290374999999995,5.160375,4.5299375,2.447614176526902,0.2,1
80,1600,4.5,0.1972,255.0,0.09928895833333329,0.12290374999999995,5.160375,4.5299375,2.447614176526902,0.3,1
80,1600,4.5,0.1972,255.0,0.09928895833333329,0.12290374999999995,5.160375,4.5299375,2.447614176526902,0.4,1
80,1600,4.5,0.1972,255.0,0.09928895833333329,0.12290374999999995,5.160375,4.5299375,2.447614176526902,0.5,1
80,1600,4.5,0.1972,255.0,0.09928895833333329,0.12290374999999995,5.160375,4.5299375,2.447614176526902,0.6,1
80,1600,4.5,0.1972,255.0,0.09928895833333329,0.12290374999999995,5.160375,4.5299375,2.447614176526902,0.7,1
80,1600,4.5,0.1972,255.0,0.09928895833333329,0.12290374999999995,5.160375,4.5299375,2.447614176526902,0.8,1
80,1600,4.5,0.1972,255.0,0.09928895833333329,0.12290374999999995,5.160375,4.5299375,2.447614176526902,0.9,1
80,1600,4.5,0.1972,255.0,0.09928895833333329,0.12290374999999995,5.160375,4.5299375,2.447614176526902,1.0,1
80,1600,5.5,0.2494,253.0,0.0931005952380952,0.1184625,5.433869047619048,4.497534722222222,3.0489511816429906,0.1,0
80,1600,5.5,0.2494,253.0,0.0931005952380952,0.1184625,5.433869047619048,4.497534722222222,3.0489511816429906,0.2,0
80,1600,5.5,0.2494,253.0,0.0931005952380952,0.1184625,5.433869047619048,4.497534722222222,3.0489511816429906,0.3,1
80,1600,5.5,0.2494,253.0,0.0931005952380952,0.1184625,5.433869047619048,4.497534722222222,3.0489511816429906,0.4,1
80,1600,5.5,0.2494,253.0,0.0931005952380952,0.1184625,5.433869047619048,4.497534722222222,3.0489511816429906,0.5,1
80,1600,5.5,0.2494,253.0,0.0931005952380952,0.1184625,5.433869047619048,4.497534722222222,3.0489511816429906,0.6,1
80,1600,5.5,0.2494,253.0,0.0931005952380952,0.1184625,5.433869047619048,4.497534722222222,3.0489511816429906,0.7,1
80,1600,5.5,0.2494,253.0,0.0931005952380952,0.1184625,5.433869047619048,4.497534722222222,3.0489511816429906,0.8,1
80,1600,5.5,0.2494,253.0,0.0931005952380952,0.1184625,5.433869047619048,4.497534722222222,3.0489511816429906,0.9,1
80,1600,5.5,0.2494,253.0,0.0931005952380952,0.1184625,5.433869047619048,4.497534722222222,3.0489511816429906,1.0,1
80,1600,6.5,0.2586,219.0,0.0790177777777777,0.08059111111111106,6.578722222222222,6.397222222222222,1.527220175831006,0.1,1
80,1600,6.5,0.2586,219.0,0.0790177777777777,0.08059111111111106,6.578722222222222,6.397222222222222,1.527220175831006,0.2,1
80,1600,6.5,0.2586,219.0,0.0790177777777777,0.08059111111111106,6.578722222222222,6.397222222222222,1.527220175831006,0.3,1
80,1600,6.5,0.2586,219.0,0.0790177777777777,0.08059111111111106,6.578722222222222,6.397222222222222,1.527220175831006,0.4,1
80,1600,6.5,0.2586,219.0,0.0790177777777777,0.08059111111111106,6.578722222222222,6.397222222222222,1.527220175831006,0.5,1
80,1600,6.5,0.2586,219.0,0.0790177777777777,0.08059111111111106,6.578722222222222,6.397222222222222,1.527220175831006,0.6,1
80,1600,6.5,0.2586,219.0,0.0790177777777777,0.08059111111111106,6.578722222222222,6.397222222222222,1.527220175831006,0.7,1
80,1600,6.5,0.2586,219.0,0.0790177777777777,0.08059111111111106,6.578722222222222,6.397222222222222,1.527220175831006,0.8,1
80,1600,6.5,0.2586,219.0,0.0790177777777777,0.08059111111111106,6.578722222222222,6.397222222222222,1.527220175831006,0.9,1
80,1600,6.5,0.2586,219.0,0.0790177777777777,0.08059111111111106,6.578722222222222,6.397222222222222,1.527220175831006,1.0,1
80,200,2.5,0.3566,194.0,0.1036944444444444,0.13775416666666665,4.896493055555556,4.178576388888889,2.548077648638563,0.1,1
80,200,2.5,0.3566,194.0,0.1036944444444444,0.13775416666666665,4.896493055555556,4.178576388888889,2.548077648638563,0.2,1
80,200,2.5,0.3566,194.0,0.1036944444444444,0.13775416666666665,4.896493055555556,4.178576388888889,2.548077648638563,0.3,1
80,200,2.5,0.3566,194.0,0.1036944444444444,0.13775416666666665,4.896493055555556,4.178576388888889,2.548077648638563,0.4,1
80,200,2.5,0.3566,194.0,0.1036944444444444,0.13775416666666665,4.896493055555556,4.178576388888889,2.548077648638563,0.5,1
80,200,2.5,0.3566,194.0,0.1036944444444444,0.13775416666666665,4.896493055555556,4.178576388888889,2.548077648638563,0.6,1
80,200,2.5,0.3566,194.0,0.1036944444444444,0.13775416666666665,4.896493055555556,4.178576388888889,2.548077648638563,0.7,1
80,200,2.5,0.3566,194.0,0.1036944444444444,0.13775416666666665,4.896493055555556,4.178576388888889,2.548077648638563,0.8,1
80,200,2.5,0.3566,194.0,0.1036944444444444,0.13775416666666665,4.896493055555556,4.178576388888889,2.548077648638563,0.9,1
80,200,2.5,0.3566,194.0,0.1036944444444444,0.13775416666666665,4.896493055555556,4.178576388888889,2.548077648638563,1.0,1
80,200,3.5,0.318,143.0,0.105843376068376,0.145346875,4.791068376068376,3.996111111111111,2.642233964241713,0.1,0
80,200,3.5,0.318,143.0,0.105843376068376,0.145346875,4.791068376068376,3.996111111111111,2.642233964241713,0.2,0
80,200,3.5,0.318,143.0,0.105843376068376,0.145346875,4.791068376068376,3.996111111111111,2.642233964241713,0.3,1
80,200,3.5,0.318,143.0,0.105843376068376,0.145346875,4.791068376068376,3.996111111111111,2.642233964241713,0.4,1
80,200,3.5,0.318,143.0,0.105843376068376,0.145346875,4.791068376068376,3.996111111111111,2.642233964241713,0.5,1
80,200,3.5,0.318,143.0,0.105843376068376,0.145346875,4.791068376068376,3.996111111111111,2.642233964241713,0.6,1
80,200,3.5,0.318,143.0,0.105843376068376,0.145346875,4.791068376068376,3.996111111111111,2.642233964241713,0.7,1
80,200,3.5,0.318,143.0,0.105843376068376,0.145346875,4.791068376068376,3.996111111111111,2.642233964241713,0.8,1
80,200,3.5,0.318,143.0,0.105843376068376,0.145346875,4.791068376068376,3.996111111111111,2.642233964241713,0.9,1
80,200,3.5,0.318,143.0,0.105843376068376,0.145346875,4.791068376068376,3.996111111111111,2.642233964241713,1.0,1
80,200,4.5,0.2899,109.0,0.0990633333333333,0.12750999999999996,5.0969999999999995,4.358666666666666,2.621226466103529,0.1,0
80,200,4.5,0.2899,109.0,0.0990633333333333,0.12750999999999996,5.0969999999999995,4.358666666666666,2.621226466103529,0.2,0
80,200,4.5,0.2899,109.0,0.0990633333333333,0.12750999999999996,5.0969999999999995,4.358666666666666,2.621226466103529,0.3,0
80,200,4.5,0.2899,109.0,0.0990633333333333,0.12750999999999996,5.0969999999999995,4.358666666666666,2.621226466103529,0.4,1
80,200,4.5,0.2899,109.0,0.0990633333333333,0.12750999999999996,5.0969999999999995,4.358666666666666,2.621226466103529,0.5,1
80,200,4.5,0.2899,109.0,0.0990633333333333,0.12750999999999996,5.0969999999999995,4.358666666666666,2.621226466103529,0.6,1
80,200,4.5,0.2899,109.0,0.0990633333333333,0.12750999999999996,5.0969999999999995,4.358666666666666,2.621226466103529,0.7,1
80,200,4.5,0.2899,109.0,0.0990633333333333,0.12750999999999996,5.0969999999999995,4.358666666666666,2.621226466103529,0.8,1
80,200,4.5,0.2899,109.0,0.0990633333333333,0.12750999999999996,5.0969999999999995,4.358666666666666,2.621226466103529,0.9,1
80,200,4.5,0.2899,109.0,0.0990633333333333,0.12750999999999996,5.0969999999999995,4.358666666666666,2.621226466103529,1.0,1
80,200,5.5,0.295,90.0,0.0920033333333333,0.11545277777777774,5.594833333333334,4.643888888888888,3.120186041511721,0.1,0
80,200,5.5,0.295,90.0,0.0920033333333333,0.11545277777777774,5.594833333333334,4.643888888888888,3.120186041511721,0.2,0
80,200,5.5,0.295,90.0,0.0920033333333333,0.11545277777777774,5.594833333333334,4.643888888888888,3.120186041511721,0.3,0
80,200,5.5,0.295,90.0,0.0920033333333333,0.11545277777777774,5.594833333333334,4.643888888888888,3.120186041511721,0.4,1
80,200,5.5,0.295,90.0,0.0920033333333333,0.11545277777777774,5.594833333333334,4.643888888888888,3.120186041511721,0.5,1
80,200,5.5,0.295,90.0,0.0920033333333333,0.11545277777777774,5.594833333333334,4.643888888888888,3.120186041511721,0.6,1
80,200,5.5,0.295,90.0,0.0920033333333333,0.11545277777777774,5.594833333333334,4.643888888888888,3.120186041511721,0.7,1
80,200,5.5,0.295,90.0,0.0920033333333333,0.11545277777777774,5.594833333333334,4.643888888888888,3.120186041511721,0.8,1
80,200,5.5,0.295,90.0,0.0920033333333333,0.11545277777777774,5.594833333333334,4.643888888888888,3.120186041511721,0.9,1
80,200,5.5,0.295,90.0,0.0920033333333333,0.11545277777777774,5.594833333333334,4.643888888888888,3.120186041511721,1.0,1
80,200,6.5,0.3158,75.0,0.08084812499999999,0.08383312500000001,6.382,6.0796875,1.9396422301975154,0.1,0
80,200,6.5,0.3158,75.0,0.08084812499999999,0.08383312500000001,6.382,6.0796875,1.9396422301975154,0.2,0
80,200,6.5,0.3158,75.0,0.08084812499999999,0.08383312500000001,6.382,6.0796875,1.9396422301975154,0.3,0
80,200,6.5,0.3158,75.0,0.08084812499999999,0.08383312500000001,6.382,6.0796875,1.9396422301975154,0.4,0
80,200,6.5,0.3158,75.0,0.08084812499999999,0.08383312500000001,6.382,6.0796875,1.9396422301975154,0.5,0
80,200,6.5,0.3158,75.0,0.08084812499999999,0.08383312500000001,6.382,6.0796875,1.9396422301975154,0.6,0
80,200,6.5,0.3158,75.0,0.08084812499999999,0.08383312500000001,6.382,6.0796875,1.9396422301975154,0.7,0
80,200,6.5,0.3158,75.0,0.08084812499999999,0.08383312500000001,6.382,6.0796875,1.9396422301975154,0.8,0
80,200,6.5,0.3158,75.0,0.08084812499999999,0.08383312500000001,6.382,6.0796875,1.9396422301975154,0.9,0
80,200,6.5,0.3158,75.0,0.08084812499999999,0.08383312500000001,6.382,6.0796875,1.9396422301975154,1.0,0
80,400,2.5,0.3546,191.0,0.1022912698412698,0.13093888888888888,5.132896825396825,4.394166666666667,2.5588220429356348,0.1,0
80,400,2.5,0.3546,191.0,0.1022912698412698,0.13093888888888888,5.132896825396825,4.394166666666667,2.5588220429356348,0.2,0
80,400,2.5,0.3546,191.0,0.1022912698412698,0.13093888888888888,5.132896825396825,4.394166666666667,2.5588220429356348,0.3,0
80,400,2.5,0.3546,191.0,0.1022912698412698,0.13093888888888888,5.132896825396825,4.394166666666667,2.5588220429356348,0.4,1
80,400,2.5,0.3546,191.0,0.1022912698412698,0.13093888888888888,5.132896825396825,4.394166666666667,2.5588220429356348,0.5,1
80,400,2.5,0.3546,191.0,0.1022912698412698,0.13093888888888888,5.132896825396825,4.394166666666667,2.5588220429356348,0.6,1
80,400,2.5,0.3546,191.0,0.1022912698412698,0.13093888888888888,5.132896825396825,4.394166666666667,2.5588220429356348,0.7,1
80,400,2.5,0.3546,191.0,0.1022912698412698,0.13093888888888888,5.132896825396825,4.394166666666667,2.5588220429356348,0.8,1
80,400,2.5,0.3546,191.0,0.1022912698412698,0.13093888888888888,5.132896825396825,4.394166666666667,2.5588220429356348,0.9,1
80,400,2.5,0.3546,191.0,0.1022912698412698,0.13093888888888888,5.132896825396825,4.394166666666667,2.5588220429356348,1.0,1
80,400,3.5,0.2995,141.0,0.0987785353535353,0.1371770202020202,5.103914141414141,4.217651515151515,2.869564132236203,0.1,0
80,400,3.5,0.2995,141.0,0.0987785353535353,0.1371770202020202,5.103914141414141,4.217651515151515,2.869564132236203,0.2,0
80,400,3.5,0.2995,141.0,0.0987785353535353,0.1371770202020202,5.103914141414141,4.217651515151515,2.869564132236203,0.3,0
80,400,3.5,0.2995,141.0,0.0987785353535353,0.1371770202020202,5.103914141414141,4.217651515151515,2.869564132236203,0.4,0
80,400,3.5,0.2995,141.0,0.0987785353535353,0.1371770202020202,5.103914141414141,4.217651515151515,2.869564132236203,0.5,1
80,400,3.5,0.2995,141.0,0.0987785353535353,0.1371770202020202,5.103914141414141,4.217651515151515,2.869564132236203,0.6,1
80,400,3.5,0.2995,141.0,0.0987785353535353,0.1371770202020202,5.103914141414141,4.217651515151515,2.869564132236203,0.7,1
80,400,3.5,0.2995,141.0,0.0987785353535353,0.1371770202020202,5.103914141414141,4.217651515151515,2.869564132236203,0.8,1
80,400,3.5,0.2995,141.0,0.0987785353535353,0.1371770202020202,5.103914141414141,4.217651515151515,2.869564132236203,0.9,1
80,400,3.5,0.2995,141.0,0.0987785353535353,0.1371770202020202,5.103914141414141,4.217651515151515,2.869564132236203,1.0,1
80,400,4.5,0.2735,156.0,0.08046289592760175,0.09517427884615384,6.692036199095023,6.054350961538462,2.8324438353299195,0.1,1
80,400,4.5,0.2735,156.0,0.08046289592760175,0.09517427884615384,6.692036199095023,6.054350961538462,2.8324438353299195,0.2,1
80,400,4.5,0.2735,156.0,0.08046289592760175,0.09517427884615384,6.692036199095023,6.054350961538462,2.8324438353299195,0.3,1
80,400,4.5,0.2735,156.0,0.08046289592760175,0.09517427884615384,6.692036199095023,6.054350961538462,2.8324438353299195,0.4,1
80,400,4.5,0.2735,156.0,0.08046289592760175,0.09517427884615384,6.692036199095023,6.054350961538462,2.8324438353299195,0.5,1
80,400,4.5,0.2735,156.0,0.08046289592760175,0.09517427884615384,6.692036199095023,6.054350961538462,2.8324438353299195,0.6,1
80,400,4.5,0.2735,156.0,0.08046289592760175,0.09517427884615384,6.692036199095023,6.054350961538462,2.8324438353299195,0.7,1
80,400,4.5,0.2735,156.0,0.08046289592760175,0.09517427884615384,6.692036199095023,6.054350961538462,2.8324438353299195,0.8,1
80,400,4.5,0.2735,156.0,0.08046289592760175,0.09517427884615384,6.692036199095023,6.054350961538462,2.8324438353299195,0.9,1
80,400,4.5,0.2735,156.0,0.08046289592760175,0.09517427884615384,6.692036199095023,6.054350961538462,2.8324438353299195,1.0,1
80,400,5.5,0.2727,133.0,0.1124583333333333,0.13408124999999999,4.608333333333333,4.126875,2.0507600538768913,0.1,0
80,400,5.5,0.2727,133.0,0.1124583333333333,0.13408124999999999,4.608333333333333,4.126875,2.0507600538768913,0.2,0
80,400,5.5,0.2727,133.0,0.1124583333333333,0.13408124999999999,4.608333333333333,4.126875,2.0507600538768913,0.3,0
80,400,5.5,0.2727,133.0,0.1124583333333333,0.13408124999999999,4.608333333333333,4.126875,2.0507600538768913,0.4,0
80,400,5.5,0.2727,133.0,0.1124583333333333,0.13408124999999999,4.608333333333333,4.126875,2.0507600538768913,0.5,0
80,400,5.5,0.2727,133.0,0.1124583333333333,0.13408124999999999,4.608333333333333,4.126875,2.0507600538768913,0.6,0
80,400,5.5,0.2727,133.0,0.1124583333333333,0.13408124999999999,4.608333333333333,4.126875,2.0507600538768913,0.7,1
80,400,5.5,0.2727,133.0,0.1124583333333333,0.13408124999999999,4.608333333333333,4.126875,2.0507600538768913,0.8,1
80,400,5.5,0.2727,133.0,0.1124583333333333,0.13408124999999999,4.608333333333333,4.126875,2.0507600538768913,0.9,1
80,400,5.5,0.2727,133.0,0.1124583333333333,0.13408124999999999,4.608333333333333,4.126875,2.0507600538768913,1.0,1
80,400,6.5,0.2883,105.0,0.10185,0.136075,4.963125,3.889375,3.0830704431433906,0.1,1
80,400,6.5,0.2883,105.0,0.10185,0.136075,4.963125,3.889375,3.0830704431433906,0.2,1
80,400,6.5,0.2883,105.0,0.10185,0.136075,4.963125,3.889375,3.0830704431433906,0.3,1
80,400,6.5,0.2883,105.0,0.10185,0.136075,4.963125,3.889375,3.0830704431433906,0.4,1
80,400,6.5,0.2883,105.0,0.10185,0.136075,4.963125,3.889375,3.0830704431433906,0.5,1
80,400,6.5,0.2883,105.0,0.10185,0.136075,4.963125,3.889375,3.0830704431433906,0.6,1
80,400,6.5,0.2883,105.0,0.10185,0.136075,4.963125,3.889375,3.0830704431433906,0.7,1
80,400,6.5,0.2883,105.0,0.10185,0.136075,4.963125,3.889375,3.0830704431433906,0.8,1
80,400,6.5,0.2883,105.0,0.10185,0.136075,4.963125,3.889375,3.0830704431433906,0.9,1
80,400,6.5,0.2883,105.0,0.10185,0.136075,4.963125,3.889375,3.0830704431433906,1.0,1
80,800,2.5,0.1778,255.0,0.12090222222222215,0.16072416666666667,4.623444444444445,3.8670833333333334,2.5292307085143193,0.1,1
80,800,2.5,0.1778,255.0,0.12090222222222215,0.16072416666666667,4.623444444444445,3.8670833333333334,2.5292307085143193,0.2,1
80,800,2.5,0.1778,255.0,0.12090222222222215,0.16072416666666667,4.623444444444445,3.8670833333333334,2.5292307085143193,0.3,1
80,800,2.5,0.1778,255.0,0.12090222222222215,0.16072416666666667,4.623444444444445,3.8670833333333334,2.5292307085143193,0.4,1
80,800,2.5,0.1778,255.0,0.12090222222222215,0.16072416666666667,4.623444444444445,3.8670833333333334,2.5292307085143193,0.5,1
80,800,2.5,0.1778,255.0,0.12090222222222215,0.16072416666666667,4.623444444444445,3.8670833333333334,2.5292307085143193,0.6,1
80,800,2.5,0.1778,255.0,0.12090222222222215,0.16072416666666667,4.623444444444445,3.8670833333333334,2.5292307085143193,0.7,1
80,800,2.5,0.1778,255.0,0.12090222222222215,0.16072416666666667,4.623444444444445,3.8670833333333334,2.5292307085143193,0.8,1
80,800,2.5,0.1778,255.0,0.12090222222222215,0.16072416666666667,4.623444444444445,3.8670833333333334,2.5292307085143193,0.9,1
80,800,2.5,0.1778,255.0,0.12090222222222215,0.16072416666666667,4.623444444444445,3.8670833333333334,2.5292307085143193,1.0,1
80,800,3.5,0.25,255.0,0.1010694444444444,0.1353913742690058,5.005277777777778,4.221622807017544,2.6889881169123315,0.1,0
80,800,3.5,0.25,255.0,0.1010694444444444,0.1353913742690058,5.005277777777778,4.221622807017544,2.6889881169123315,0.2,0
80,800,3.5,0.25,255.0,0.1010694444444444,0.1353913742690058,5.005277777777778,4.221622807017544,2.6889881169123315,0.3,0
80,800,3.5,0.25,255.0,0.1010694444444444,0.1353913742690058,5.005277777777778,4.221622807017544,2.6889881169123315,0.4,0
80,800,3.5,0.25,255.0,0.1010694444444444,0.1353913742690058,5.005277777777778,4.221622807017544,2.6889881169123315,0.5,1
80,800,3.5,0.25,255.0,0.1010694444444444,0.1353913742690058,5.005277777777778,4.221622807017544,2.6889881169123315,0.6,1
80,800,3.5,0.25,255.0,0.1010694444444444,0.1353913742690058,5.005277777777778,4.221622807017544,2.6889881169123315,0.7,1
80,800,3.5,0.25,255.0,0.1010694444444444,0.1353913742690058,5.005277777777778,4.221622807017544,2.6889881169123315,0.8,1
80,800,3.5,0.25,255.0,0.1010694444444444,0.1353913742690058,5.005277777777778,4.221622807017544,2.6889881169123315,0.9,1
80,800,3.5,0.25,255.0,0.1010694444444444,0.1353913742690058,5.005277777777778,4.221622807017544,2.6889881169123315,1.0,1
80,800,4.5,0.2706,216.0,0.10132499999999994,0.1256253968253968,5.015714285714285,4.425595238095238,2.317560987999469,0.1,0
80,800,4.5,0.2706,216.0,0.10132499999999994,0.1256253968253968,5.015714285714285,4.425595238095238,2.317560987999469,0.2,0
80,800,4.5,0.2706,216.0,0.10132499999999994,0.1256253968253968,5.015714285714285,4.425595238095238,2.317560987999469,0.3,1
80,800,4.5,0.2706,216.0,0.10132499999999994,0.1256253968253968,5.015714285714285,4.425595238095238,2.317560987999469,0.4,1
80,800,4.5,0.2706,216.0,0.10132499999999994,0.1256253968253968,5.015714285714285,4.425595238095238,2.317560987999469,0.5,1
80,800,4.5,0.2706,216.0,0.10132499999999994,0.1256253968253968,5.015714285714285,4.425595238095238,2.317560987999469,0.6,1
80,800,4.5,0.2706,216.0,0.10132499999999994,0.1256253968253968,5.015714285714285,4.425595238095238,2.317560987999469,0.7,1
80,800,4.5,0.2706,216.0,0.10132499999999994,0.1256253968253968,5.015714285714285,4.425595238095238,2.317560987999469,0.8,1
80,800,4.5,0.2706,216.0,0.10132499999999994,0.1256253968253968,5.015714285714285,4.425595238095238,2.317560987999469,0.9,1
80,800,4.5,0.2706,216.0,0.10132499999999994,0.1256253968253968,5.015714285714285,4.425595238095238,2.317560987999469,1.0,1
80,800,5.5,0.2575,188.0,0.0898743697478991,0.1164975,5.602142857142857,4.660625,3.108420595039182,0.1,1
80,800,5.5,0.2575,188.0,0.0898743697478991,0.1164975,5.602142857142857,4.660625,3.108420595039182,0.2,1
80,800,5.5,0.2575,188.0,0.0898743697478991,0.1164975,5.602142857142857,4.660625,3.108420595039182,0.3,1
80,800,5.5,0.2575,188.0,0.0898743697478991,0.1164975,5.602142857142857,4.660625,3.108420595039182,0.4,1
80,800,5.5,0.2575,188.0,0.0898743697478991,0.1164975,5.602142857142857,4.660625,3.108420595039182,0.5,1
80,800,5.5,0.2575,188.0,0.0898743697478991,0.1164975,5.602142857142857,4.660625,3.108420595039182,0.6,1
80,800,5.5,0.2575,188.0,0.0898743697478991,0.1164975,5.602142857142857,4.660625,3.108420595039182,0.7,1
80,800,5.5,0.2575,188.0,0.0898743697478991,0.1164975,5.602142857142857,4.660625,3.108420595039182,0.8,1
80,800,5.5,0.2575,188.0,0.0898743697478991,0.1164975,5.602142857142857,4.660625,3.108420595039182,0.9,1
80,800,5.5,0.2575,188.0,0.0898743697478991,0.1164975,5.602142857142857,4.660625,3.108420595039182,1.0,1
80,800,6.5,0.2667,152.0,0.07899388888888885,0.0824294444444444,6.542111111111112,6.194333333333334,2.091587696585281,0.1,1
80,800,6.5,0.2667,152.0,0.07899388888888885,0.0824294444444444,6.542111111111112,6.194333333333334,2.091587696585281,0.2,1
80,800,6.5,0.2667,152.0,0.07899388888888885,0.0824294444444444,6.542111111111112,6.194333333333334,2.091587696585281,0.3,1
80,800,6.5,0.2667,152.0,0.07899388888888885,0.0824294444444444,6.542111111111112,6.194333333333334,2.091587696585281,0.4,1
80,800,6.5,0.2667,152.0,0.07899388888888885,0.0824294444444444,6.542111111111112,6.194333333333334,2.091587696585281,0.5,1
80,800,6.5,0.2667,152.0,0.07899388888888885,0.0824294444444444,6.542111111111112,6.194333333333334,2.091587696585281,0.6,1
80,800,6.5,0.2667,152.0,0.07899388888888885,0.0824294444444444,6.542111111111112,6.194333333333334,2.091587696585281,0.7,1
80,800,6.5,0.2667,152.0,0.07899388888888885,0.0824294444444444,6.542111111111112,6.194333333333334,2.091587696585281,0.8,1
80,800,6.5,0.2667,152.0,0.07899388888888885,0.0824294444444444,6.542111111111112,6.194333333333334,2.091587696585281,0.9,1
80,800,6.5,0.2667,152.0,0.07899388888888885,0.0824294444444444,6.542111111111112,6.194333333333334,2.091587696585281,1.0,1
