width_mm,pod_point,pod_wald_lo,pod_wald_hi,pod_boot_med,pod_boot_lo,pod_boot_hi
0.05000000000000001,0.23746145405717478,0.135296329878655,0.3826356744137608,0.22921918244002687,0.1005020586523647,0.4271810205854599
0.050935498048435834,0.2418733672364191,0.1388596332022458,0.3869672464368108,0.23345251704594092,0.10348433327373749,0.4315731203570995
0.0518884992288442,0.24634077046601463,0.14250030839269567,0.39131873975958026,0.2378773505323099,0.10639356432596395,0.43594385241157446
0.05285933102414115,0.25086338320691576,0.1462191702171159,0.39568960891143806,0.2424050245592482,0.10948462305258706,0.44034189247355787
0.0538483270444353,0.2554408851856616,0.15001699520495074,0.40007929848787727,0.24673543821363841,0.11268158217941224,0.4453221123808014
0.05485582714166734,0.2600729157472981,0.153894518874809,0.40448724346091053,0.25112863888639214,0.11609611035950745,0.4505567582818709
0.05588217752639459,0.26475907325429293,0.15785243291093043,0.4089128695036411,0.25579551339657314,0.11959401172597027,0.4555011524942742
0.05692773088676032,0.2694989145343635,0.1618913822950189,0.4133555933288087,0.26079964788731086,0.1229289042508998,0.4604543363739889
0.0579928465096892,0.2742919543800982,0.16601196239973515,0.41781482304108014,0.2657996680730194,0.1262205284690071,0.465384176084914
0.059077890404350256,0.2791376651032059,0.17021471605070895,0.42228995850283035,0.27075699209174464,0.12970046410819347,0.47020490463158515
0.060183235427929756,0.28403547614616054,0.17450013056450278,0.42678039171313426,0.27563590017378203,0.13319520029984086,0.4747450144812465
0.0613092614137574,0.2889847737539364,0.17886863477053394,0.43128550719966313,0.280625115021073,0.13676588498723063,0.4786268857128128
0.062456355301829636,0.2939849007084384,0.18332059602553136,0.43580468242315773,0.28563570829833945,0.14041679870456672,0.48298897002808777
0.06362491127177516,0.29903515612812515,0.18785631722966614,0.44033728819411994,0.2906687848365066,0.14414891040590777,0.48705472586695125
0.0648153308783081,0.3041347953352092,0.19247603385404996,0.44488268910134826,0.29602894051548,0.14789860752225586,0.4919162971078357
0.06602802318921568,0.3092830297926839,0.19717991098982626,0.4494402439519094,0.3012230910500664,0.15120755486516235,0.4960978656892452
0.06726340492592742,0.31447902711328074,0.20196804042959932,0.45400930622212343,0.3065745796343463,0.1555174076012687,0.4999469888856382
0.0685219006067145,0.31972191114230275,0.20684043779242897,0.4585892245191092,0.31213518790014827,0.15996286834182546,0.5065453289952129
0.06980394269256839,0.32501076211610663,0.21179703970408018,0.4631793430524203,0.3177916753210426,0.1644417137630062,0.5111275410188326
0.07110997173580887,0.33034461689781697,0.21683770104463054,0.46777900211527224,0.3229078949368827,0.1692459858575889,0.5154591884340152
0.07244043653147238,0.33572246929166144,0.22196219227591998,0.47238753857484667,0.3283681488192506,0.17415792366297125,0.5197885143471181
0.07379579427153297,0.34114327043710174,0.22717019686164996,0.47700428637113107,0.3341123939128817,0.17875183387314883,0.5242162790217139
0.0751765107020088,0.34660592928371337,0.23246130879321444,0.4816285770237322,0.3397374085040278,0.18327479249626963,0.5303936790126488
0.07658306028300768,0.35210931314753324,0.2378350302345568,0.4862597401460796,0.345756401347247,0.18788601295293622,0.5354384454635426
0.07801592635176761,0.3576522483493539,0.24329076929949633,0.4908971039664155,0.3515795412138837,0.19256923640921947,0.5410332627577781
0.07947560128874745,0.36323352093518724,0.24882783797504188,0.49553999585494257,0.35733074980682145,0.19657886162376684,0.5466177539602696
0.08096258668682518,0.3688518774788621,0.25444545020421133,0.500187742856481,0.362722017095485,0.20116657650965894,0.5521065873738983
0.08247739352366201,0.3745060259664547,0.26014272014180045,0.5048396722279626,0.36851187697419985,0.2056528215458882,0.5575282651422588
0.0840205423372912,0.3801946367619757,0.26591866059637315,0.5094951119800676,0.37428298935768745,0.21057622513310495,0.5629015591471711
0.0855925634049923,0.3859163436534631,0.2717721816715018,0.5141533914222846,0.38032842979372117,0.21569791856207027,0.5681012103340392
0.08719399692551211,0.39166974497834944,0.27770208961893655,0.5188138417106493,0.38642899559645916,0.22069110194578137,0.5726028676423311
0.08882539320469478,0.39745340482668956,0.28370708591594934,0.5234757963973888,0.39233119431613894,0.22570600816362915,0.5775560444561876
0.09048731284458551,0.40326585432055634,0.28978576657856925,0.5281385919816759,0.39818420362805085,0.23026146213493012,0.5824957979257774
0.09218032693607174,0.4091055929676262,0.29593662172179264,0.5328015684606551,0.4039787639051904,0.23514070162726625,0.587063737162435
0.09390501725512918,0.4149710900867059,0.3021580353771399,0.537464069879884,0.4103416245810171,0.24089046137943834,0.5916894243206606
0.09566197646273929,0.4208607863026714,0.30844828557710485,0.5421254448822813,0.41638784193504563,0.2468718456325825,0.5964335592091667
0.09745180830854741,0.4267730951080289,0.31480554471514416,0.5467850472546444,0.422667747928774,0.252952809227483,0.6008733736576067
0.09927512783833119,0.4327064044880424,0.3212278801888546,0.5514422364707464,0.4286397304089563,0.2591320279792234,0.6054528505017002
0.10113256160535065,0.4386590786061262,0.32771325533290807,0.5560963782299783,0.4347088544788226,0.26543249613009395,0.6099841522566788
0.10302474788565308,0.44462945954595756,0.334259530647161,0.5607468449904432,0.4407217104960638,0.271842238096436,0.6159897512909638
0.1049523368974055,0.450615869106533,0.3408644653241208,0.5653930164953475,0.44679689556158536,0.27832359404423246,0.6207752611488653
0.10691599102433154,0.45661661064618625,0.347525719078669,0.5700342802914684,0.4530521808289424,0.2843492978770114,0.626159612527708
0.10891638504332843,0.46262997097137026,0.3542408542815895,0.5746700322383943,0.45931609819857055,0.29058924834785493,0.630893982326926
0.1109542063563428,0.46865422226583575,0.36100733839706395,0.5792996770071543,0.465851118989975,0.2966015519789933,0.6359376233469399
0.1130301552265849,0.4746876240556569,0.36782254672287346,0.5839226285667508,0.4720964076025369,0.3033961673023366,0.6402966859648209
0.11514494501916225,0.4807284252054161,0.37468376543060283,0.5885383106570049,0.4785683945017394,0.3099386864639232,0.6451655038635563
0.1172993024462158,0.4867748659407204,0.3815881949016871,0.5931461572460069,0.4850808672181687,0.31652102092555506,0.6500772905068934
0.11949396781664216,0.49282517989211455,0.3885329533536986,0.5977456129703247,0.49148732920916427,0.323034381579957,0.6549785639007963
0.1217296952904886,0.4988775961553657,0.3955150807498378,0.6023361335559839,0.4974670715936411,0.32992102105965415,0.6598163013179625
0.12400725313810734,0.5049303413630212,0.40253154298319493,0.606917186218065,0.5033465666887483,0.3367189829467725,0.6650107786829155
0.12632742400415908,0.5109816417620978,0.40957923632600274,0.6114882500365894,0.50998811698692,0.34361260665669763,0.6693886981942446
0.12869100517655538,0.5170297252927292,0.4166549921328041,0.6160488163061677,0.5159099308569371,0.3499949327467628,0.6740158161319939
0.13109880886043362,0.5230728236626008,0.4237555817852528,0.6205983888566761,0.5221138073288268,0.3570698866614964,0.678432051697758
0.13355166245725755,0.5291091744120116,0.4308777218651313,0.6251364843419879,0.5282808018123479,0.36349562042884226,0.6828140837137245
0.13605040884914002,0.5351370229644501,0.4380180795411495,0.6296626324935506,0.5343240485722403,0.3717623600390933,0.6871118487419691
0.13859590668848534,0.5411546246576281,0.445173278154177,0.634176376335325,0.540129570186116,0.3789231333247976,0.6920555461643477
0.14118903069305078,0.5471602467499979,0.4523399029847661,0.6386772723563212,0.5464665720146212,0.38617244677376034,0.697002095144704
0.14383067194652868,0.5531521703978903,0.4595145071861781,0.6431648906366763,0.5522706344876547,0.39278506620366993,0.7018286251260386
0.14652173820475248,0.559128692598526,0.466693617865597,0.6476388149229029,0.5584779615158386,0.40035400511781094,0.706315935228282
0.1492631542076319,0.5650881280942988,0.47387374229584994,0.6520986426476194,0.5640796679651363,0.4070414854886548,0.7112783633788529
0.1520558619969242,0.5710288112338928,0.4810513742397221,0.6565439848887561,0.5700342739829065,0.4130513321587946,0.7161483695536628
0.15490082123995116,0.5769490977859755,0.48822300036888,0.6609744662629049,0.5762786344800208,0.4193869736236084,0.7210378808350433
0.15779900955937276,0.5828473667013954,0.4953851067594718,0.6653897247471703,0.5818564177696869,0.42579679766725453,0.7267200274803148
0.16075142286913074,0.5887220218200369,0.5025341854466796,0.6697894114235902,0.5882489933850038,0.43397911151927515,0.7318047814632278
0.16375907571667783,0.5945714935186969,0.5096667410208149,0.6741731901399304,0.5939907294559069,0.44201682122132596,0.7370278704631159
0.16682300163160996,0.6003942402965888,0.5167792972479862,0.6785407370804418,0.599949318989266,0.4504234949672677,0.7415679649514509
0.1699442534808215,0.6061887502953305,0.5238684036988909,0.6828917402400181,0.6058181689993023,0.4574714873475956,0.7462344458479113
0.1731239038303053,0.6119535427505219,0.5309306423698754,0.6872258987951136,0.611742365899218,0.46436769490861834,0.7512325583831185
0.17636304531372213,0.6176871693722887,0.5379626342810425,0.6915429223648201,0.6174760905331247,0.4706262973558652,0.7555210319285769
0.17966279100786586,0.6233882156524378,0.5449610460368244,0.6958425301556576,0.6235189774634651,0.47640109169200645,0.7610579522148482
0.18302427481515368,0.6290553020961458,0.5519225963350555,0.7001244499839595,0.6290610434953856,0.4852050343660299,0.7658787857651672
0.1864486518532728,0.6346870853763811,0.5588440624111212,0.7043884171702368,0.6350789871512124,0.4923576543442224,0.7706316509701292
0.18993709885211735,0.6402822594095451,0.5657222864041969,0.7086341733006465,0.6412249582484402,0.4991387296225231,0.7755453223716745
0.19349081455815173,0.6458395563510924,0.572554181632863,0.7128614648516701,0.6466292674065732,0.5051658121283378,0.7803782383376547
0.1971110201463399,0.651357747510178,0.5793367387674592,0.7170700416754014,0.6519807400090143,0.5112421003443132,0.784434264740909
0.20079895963978175,0.6568356441826544,0.5860670318863609,0.7212596553444369,0.6574726593897603,0.5187230970199229,0.7889091660570354
0.20455590033720095,0.6622720984020135,0.5927422244028947,0.7254300573573405,0.663079385954034,0.5252993301237429,0.7933156436115323
0.20838313324843064,0.6676660036081421,0.5993595748488015,0.7295809972079845,0.6688142461490494,0.5305938568630773,0.7983795426258437
0.21228197353804762,0.673016295234018,0.6059164424990019,0.733712220324821,0.6743595372603595,0.5376889997437491,0.8018194445529575
0.21625376097730656,0.6783219512107332,0.6124102928208682,0.7378234658892743,0.6796828496334959,0.5444041068920519,0.8052367190385954
0.22029986040453012,0.6835819923914724,0.6188387027292847,0.7419144645459886,0.6849761330359001,0.5505663456036939,0.8085896707642172
0.22442166219411255,0.6887954828953148,0.6251993656264783,0.7459849360215606,0.6903950110945942,0.5573063573873484,0.8126078494896625
0.2286205827342989,0.6939615303719571,0.6314900962029819,0.750034586672605,0.6954844140660181,0.5650250209789128,0.8174133331567348
0.23289806491390283,0.6990792861886629,0.637708834973192,0.7540631069884617,0.7007095735840165,0.571934955538768,0.8209016774466611
0.2372555786181315,0.704147945540954,0.6438536525159131,0.7580701690784313,0.7056504175596574,0.5782962392824208,0.824574493900607
0.24169462123368698,0.7091667474887489,0.6499227533871667,0.7620554241780371,0.7104983849017299,0.5839340039837211,0.8284230781361054
0.246216718163318,0.7141349749198284,0.6559144796695012,0.7660185002132315,0.715490231433414,0.5894483879228615,0.8319466692948999
0.25082342334999913,0.719051954442676,0.6618273141193115,0.769958999465572,0.7206279012758545,0.5952859103358076,0.8348311730009557
0.25551631981091744,0.723917056210894,0.6676598828713893,0.77387649638491,0.7258013383149443,0.601570562854534,0.8377575124813529
0.2602970201814498,0.7287296936815238,0.6734109576583726,0.7777705355989041,0.730863244364107,0.6072337210576554,0.8411849156721112
0.2651671672693179,0.7334893233097352,0.6790794575021133,0.7816406301703966,0.7356050798867746,0.6130161976999507,0.8445965812452632
0.27012843461911196,0.7381954441824456,0.68466444983448,0.7854862601542039,0.740401814725211,0.6194947670312551,0.8479502634027589
0.27518252708737595,0.7428475975935378,0.6901651510069575,0.7893068715039354,0.7450624627489806,0.6255823833312351,0.8513840501368158
0.28033118142845354,0.7474453665634117,0.6955809261517476,0.7931018753769271,0.7498165954160119,0.6314215355846065,0.8558326283434118
0.28557616689129406,0.7519883753056876,0.700911288362025,0.7968706478811254,0.7544064082755733,0.6383152475784059,0.8597341791095383
0.2909192858274259,0.7564762886439226,0.7061558971656059,0.8006125303017803,0.759021907228935,0.6448462640992303,0.8624004383403328
0.2963623743103039,0.7609088113812473,0.711314556274496,0.8043268298380987,0.7636791155353813,0.6503872056587187,0.8650239685606276
0.3019073027662457,0.7652856876258577,0.7163872106024648,0.808012820870747,0.768002371467172,0.6568452160283428,0.867605152639593
0.30755597661717266,0.7696067000753137,0.7213739425537364,0.811669746770471,0.7722104176131204,0.663100448540499,0.8702388450864934
0.31331033693537547,0.7738716692626012,0.7262749675977677,0.8152968222464425,0.7766990477559391,0.6689480397723047,0.8731772405155336
0.3191723611105317,0.7780804527669073,0.7310906291575245,0.8188932362206442,0.7810987417052286,0.6737870769964113,0.8763770923966708
0.3251440635292028,0.7822329443920414,0.7358213928512274,0.8224581552020969,0.7851988768141711,0.6791687369269872,0.8791668312989166
0.33122749626704406,0.7863290733154098,0.7404678401397202,0.8259907271225212,0.7892090949395394,0.683738794697217,0.8825589803494195
0.33742474979396614,0.7903688032104141,0.7450306614429629,0.8294900855835838,0.7934183809239002,0.6883544464744551,0.8856278640630055
0.34373795369249016,0.7943521313450972,0.7495106487991641,0.8329553544556839,0.7974890806739519,0.6929329879275989,0.8884316165958553
0.35016927738954307,0.7982790876598126,0.753908688148375,0.836385652759698,0.8014145514024238,0.6976123672493739,0.8911162083136018
0.35672093090194507,0.8021497338266284,0.7582257513286051,0.8397800997565722,0.80538663222975,0.7022165789393984,0.8941590923078524
0.36339516559584467,0.80596416229311,0.7624628878764659,0.8431378201653494,0.8092453538321118,0.7065934642899494,0.8971127196930807
0.3701942749603631,0.8097224953130571,0.7666212167258846,0.8464579494282941,0.8129683847626873,0.7111508199037603,0.8999766848355613
0.3771205953957138,0.813424883966688,0.7707019178975439,0.8497396389422327,0.8166229998937193,0.7156898808359836,0.9025169138172392
0.38417650701606676,0.8170715071726821,0.7747062242684944,0.8529820611779526,0.8201442768119246,0.7204018004787685,0.9054489675960037
0.3913644344674352,0.8206625706944043,0.7786354135060821,0.8561844146143207,0.8239761825200956,0.7249642224637635,0.9082583446964755
0.3986868477608647,0.8241983061425455,0.782490800243205,0.8593459284203773,0.8276509904980147,0.7284850230528322,0.9108562373528337
0.4061462631212111,0.8276789699763173,0.7862737285633188,0.8624658668267103,0.8311331702246743,0.732646160591216,0.9128631448360586
0.413745243851799,0.8311048425052431,0.7899855648539514,0.865543533136518,0.8346119477134528,0.7379275193536449,0.9148202668193878
0.42148640121525827,0.8344762268934928,0.79362769107715,0.8685782733365337,0.837991068723525,0.7431610160034182,0.9166347872064203
0.4293723953308403,0.8377934481686027,0.797201498494665,0.8715694792780289,0.8412696762865807,0.7476645101838556,0.9189284100196635
0.4374059360885246,0.8410568522363318,0.8007083818751497,0.8745165914080643,0.8447382128979437,0.7507493851067181,0.9209677143333281
0.44558978408022587,0.8442668049032918,0.804149734200518,0.8774191010407114,0.848099277275277,0.754438249450161,0.9233294957227378
0.45392675154842566,0.847423690908901,0.8075269418791471,0.8802765521668662,0.8511945098362126,0.7592977878661837,0.9251675049480447
0.462419703352553,0.850527912968105,0.8108413804650105,0.8830885428093046,0.854401705899624,0.7635852062559412,0.9268972375467402
0.47107155795344474,0.8535798908262053,0.8140944108742536,0.8858547259366637,0.8575980736253724,0.7673067869828765,0.9286056917128309
0.47988528841622613,0.8565800603270493,0.817287376084236,0.8885748099559787,0.860606249034958,0.7714507313844876,0.9303121036928993
0.488863923431955,0.8595288724957271,0.8204215982947163,0.8912485588082403,0.8635494590480075,0.7751491039924325,0.9319753282879878
0.49801054835838027,0.8624267926368346,0.8234983765266127,0.8938757916951711,0.8665533172838021,0.7782904682098398,0.93409140008303
0.5073283062801747,0.8652742994492644,0.8265189846306069,0.8964563824681108,0.869268461236107,0.7809761651590108,0.9362556199965681
0.5168203990890018,0.8680718841583975,0.8294846696756677,0.8989902587116247,0.872025886926844,0.7842831503271093,0.9383523581408534
0.5264900885837934,0.8708200496664857,0.8323966506862785,0.901477400555301,0.8747243597888459,0.787807133321744,0.9403767319702573
0.5363406975916123,0.873519309721918,0.8352561176966327,0.9039178392473108,0.8771743661595637,0.7909609240710496,0.9423339071765471
0.5463756111094855,0.8761701881079966,0.8380642310902051,0.9063116555227582,0.879810327214583,0.794039374579755,0.9439283083439748
0.5565982774676026,0.8787732178517572,0.8408221211938035,0.9086589777987835,0.8825988829374398,0.7977697793623547,0.9452845498804044
0.5670122095142763,0.881328940453297,0.8435308880963345,0.9109599802269075,0.8852832551579766,0.8011327930084681,0.9469733185160044
0.5776209858230741,0.8838379051360039,0.8461916016639858,0.9132148806313033,0.8876438376748734,0.8043423332727513,0.9487898108335805
0.5884282519225351,0.8863006681180021,0.8488053017252427,0.9154239383596735,0.8901679903229619,0.8076784451118972,0.9505000754783229
0.5994377215488959,0.8887177919050713,0.8513729984010238,0.9175874520712571,0.8926482127578974,0.8109710145068636,0.951816533503131
0.610653177922252,0.8910898446052299,0.8538956725571993,0.9197057574842591,0.8949404570765912,0.8140939233970216,0.9531023742523486
0.6220784750466001,0.8934173992651104,0.8563742763587491,0.9217792251027663,0.8972634508709993,0.8169769130981541,0.9543759960854328
0.6337175390342006,0.895701033228205,0.8588097339068119,0.9238082579410029,0.8994390045443142,0.8197878403498857,0.9556123265600437
0.6455743694547216,0.8979413275149974,0.8612029419418188,0.9257932892606466,0.9017562973201446,0.8226946323410356,0.9569687512142282
0.6576530407096232,0.9001388662249561,0.8635547705977601,0.9277347803348961,0.904029147281359,0.8259449924932524,0.9584685945957784
0.6699577034322579,0.9022942359603093,0.8658660641944042,0.929633218251054,0.9062512011212877,0.8291594730471127,0.9599180474800294
0.6824925859141661,0.9044080252714841,0.8681376420559241,0.9314891137616162,0.9082947063208225,0.8323109120133464,0.9613178815353653
0.6952619955580586,0.906480824124047,0.8703702993459295,0.9333029991922027,0.9104305985534611,0.8351432908738726,0.9626706979636697
0.7082703203579818,0.9085132233869498,0.8725648079102816,0.9350754264131691,0.9124427075920397,0.8376905198601647,0.9639779456797498
0.7215220304071799,0.9105058143418465,0.8747219171203618,0.9368069648803712,0.9144249242804461,0.8401954689245519,0.9650953194382581
0.7350216794341673,0.9124591882132157,0.8768423547105977,0.9384981997493348,0.9164656444696806,0.8426777110980216,0.9661248548217057
0.748773906367541,0.9143739357189961,0.8789268276050888,0.940149730065995,0.9183606045431574,0.8451214827189021,0.9671238387997116
0.7627834369300711,0.9162506466414143,0.8809760227290893,0.9417621670361983,0.9201610517028038,0.8475403452478736,0.9681242714416367
0.7770550852626161,0.9180899094176592,0.8829906078019091,0.9433361323753223,0.9220523966797138,0.8500370182079823,0.9691610067967698
0.7915937555784224,0.9198923107500387,0.8849712321085139,0.9448722567386301,0.9238941690251699,0.8524380551561571,0.969977397413797
0.806404443848374,0.9216584352352332,0.8869185272477175,0.9463711782323325,0.925655340887443,0.8546626687676323,0.9708407096721912
0.8214922395177766,0.9233888650122432,0.8888331078554005,0.9478335410048029,0.9274459582518932,0.8575412082330646,0.9717560590624215
0.8368623272552577,0.925084179428616,0.890715572301655,0.9492599939169089,0.929219443527666,0.8595413499904898,0.9728733152768985
0.8525199887343928,0.9267449547245213,0.8925665033611423,0.9506511892900583,0.9309801729678316,0.8622244056572023,0.9736367924702067
0.868470604448664,0.928371763734237,0.894386468856297,0.9520077817302224,0.9325957891093846,0.8644348122244381,0.974589238685592
0.884719655560376,0.929965175604592,0.8961760222732811,0.9533304270259457,0.9341351462111621,0.8665611325949069,0.975441756749666
0.901272725784167,0.9315257555299179,0.8979357033508389,0.9546197811181475,0.9356020510770306,0.8688310736991127,0.9761854805653548
0.9181355033057574,0.9330540645030387,0.8996660386423859,0.9558764991393502,0.9371061353952108,0.8709057793725202,0.9769214981734833
0.9353137827366006,0.9345506590818397,0.9013675420518318,0.9571012345198567,0.9385595445533231,0.8729987041211127,0.9776647744513598
0.9528134671051051,0.9360160911709434,0.9030407153437578,0.9582946381583096,0.9400072024693842,0.8750618786022724,0.9783616359378571
0.9706405698851089,0.9374509078180242,0.904686048628671,0.9594573576540072,0.9413892582551793,0.8771067225298768,0.9790725960723576
0.988801217062312,0.9388556510242911,0.906304020824133,0.9605900365983294,0.9426926093275827,0.8790998827907558,0.9797421672069782
1.0073016492393674,0.9402308575686706,0.9078951000926155,0.9616933139226101,0.943936223204846,0.8810764051462285,0.9803624612094901
1.0261482237803596,0.9415770588452218,0.9094597442569763,0.9627678232998107,0.9452667223560178,0.8830242653226061,0.9809634191117168
1.0453474169954078,0.9428947807133201,0.9109984011944696,0.9638141925973748,0.9464248965676081,0.884940775863922,0.9815480056784713
1.0649058263661406,0.9441845433601538,0.9125115092102241,0.9648330433786843,0.9477544501254149,0.8868390572779761,0.9821151014250897
1.0848301728128098,0.945446861175069,0.9139994973911154,0.9658249904505901,0.9490540119131492,0.8887625430718319,0.9826754883824271
1.105127303003823,0.9466822426353266,0.9154627859409629,0.9667906414545495,0.9502578553747709,0.8908372239398809,0.9832186383799411
1.1258041917084873,0.9478911902028162,0.9169017864979608,0.967730596498968,0.9514101764090119,0.8928849898881056,0.9837435108317183
1.1468679441937706,0.9490742002312983,0.9183169024352421,0.968645447830423,0.952480049712414,0.8949012451834069,0.9842522267748794
1.1683257986659081,0.9502317628837408,0.9197085291454439,0.9695357795415146,0.9535530488160705,0.8968648239493358,0.9847373667855137
1.190185128757692,0.951364362059334,0.9210770543101271,0.9704021673131745,0.954537984863643,0.8988017019279302,0.9851857733213906
1.212453446062295,0.9524724753297644,0.9224228581548642,0.9712451781893442,0.9556151746959973,0.9004920108478568,0.9856871227920789
1.2351384027145065,0.9535565738843481,0.9237463136907895,0.972065370382016,0.9567153624064773,0.9023916989407342,0.986138943212182
1.2582477940202577,0.9546171224836275,0.9250477869433634,0.9728632931047154,0.9577529929727444,0.9040100575049469,0.9865755282613058
1.2817895611353498,0.9556545794210413,0.9263276371690863,0.9736394864325852,0.9587651129114729,0.9053195585451448,0.9869985412958718
1.3057717937943005,0.9566693964922967,0.927586217060845,0.9743944811873134,0.9597106170690849,0.9066130328955873,0.9874064317312553
1.3302027330902426,0.9576620189720717,0.9288238729425631,0.9751287988452301,0.9607380039634837,0.9080030131347788,0.9878016360324251
1.3550907743068412,0.9586328855976931,0.9300409449537776,0.9758429514669794,0.9616815404460661,0.9097349274217404,0.9881433162454875
1.38044446980319,0.9595824285594398,0.9312377672247452,0.9765374416472445,0.9625945340265983,0.9111700981798183,0.9884737712061039
1.406272531952688,0.9605110734971359,0.9324146680426416,0.9772127624830897,0.9635167782265925,0.9125480732209813,0.9888242001599215
1.432583836136901,0.9614192395027064,0.9335719700093938,0.9778693975595479,0.9643961979135593,0.9139983366994267,0.9892138254618204
1.4593874237954367,0.9623073391283737,0.934709990191651,0.9785078209511585,0.9652113904134088,0.9153638290273549,0.9895900070025858
1.486692505532885,0.9631757784001922,0.9358290402633777,0.9791284972382314,0.9660156501203115,0.9166631966717108,0.9899343683542943
1.514508464283888,0.9640249568366179,0.936929426641518,0.9797318815366742,0.9668025562545755,0.9179812230332104,0.9902528365506479
1.5428448585374301,0.9648552674718305,0.9380114506151619,0.9803184195402895,0.9675759996406348,0.919343544335637,0.990559602000422
1.5717114256214504,0.9656670968835245,0.939075408468612,0.9808885475745073,0.9683780199645646,0.9207323461437158,0.9908393959638477
1.6011180850489135,0.9664608252249046,0.9401215915987333,0.981442692660578,0.969108661423544,0.9220881309801283,0.9911375736652476
1.6310749419264847,0.967236826260624,0.941150286626938,0.9819812725893117,0.9697948109595511,0.9234226548933518,0.9914268205959201
1.6615922904269809,0.9679954674064164,0.9421617755061434,0.9825046960034929,0.9705241594145491,0.9247361856466421,0.9916990335879483
1.6926806173267899,0.9687371097721827,0.9431563356230139,0.9830133624881683,0.971228694550642,0.9259566395543067,0.9919733313469267
1.724350605609477,0.9694621082083004,0.9441342398957833,0.9835076626680399,0.9718634771854284,0.9271559167591527,0.992267605293072
1.756613138136813,0.9701708113549325,0.9450957568679331,0.9839879783112491,0.972574217932409,0.9283372721284602,0.9924913987135245
1.7894793013884867,0.970863561694124,0.9460411507979875,0.9844546824388843,0.9732821348001233,0.9295164464176866,0.9927142054518922
1.8229603892717912,0.9715406956044812,0.9469706817456639,0.9849081394395818,0.9739308339308685,0.9307003682266922,0.9929869330145955
1.8570679070025826,0.9722025434182354,0.947884605654611,0.9853487051886348,0.9745311647799788,0.931866252787171,0.993205804095994
1.891813575058857,0.9728494294805065,0.948783174431942,0.9857767271710625,0.9751091843784694,0.9330156580174863,0.9933945024151428
1.9272093332082962,0.9734816722105818,0.9496666360247668,0.9861925446081261,0.9757391503103362,0.9341596683452874,0.9935818553727428
1.9632673446111695,0.9740995841650426,0.9505352344939044,0.9865964885868164,0.9763083658544952,0.9353150373615491,0.9937843213421832
2.0,0.9747034721025688,0.9513892100849528,0.9869888821918648,0.9768404840894065,0.9364523232180637,0.9939804354859721
