cam,speed,iso,dist,sigma_motion,theory_blur,eta,eta_pct_dev,blur_err_pct
cam1,60,100,2.5,2.324047461437747,2.777777777777778,0.8366570861175888,-16.33429138824112,16.401170451879604
cam1,60,100,3.5,1.9684722026231405,2.777777777777778,0.7086499929443305,-29.13500070556695,29.191647387656825
cam1,60,100,4.5,2.003861783399109,2.777777777777778,0.7213902420236791,-27.860975797632094,27.91864088492414
cam1,60,1600,3.5,1.141464738833401,2.777777777777778,0.4109273059800243,-58.907269401997574,58.94011730815104
cam1,60,1600,4.5,2.3054006099414357,2.777777777777778,0.8299442195789167,-17.005578042108326,17.071920505703748
cam1,60,200,2.5,0.9994390779262704,2.777777777777778,0.3597980680534573,-64.02019319465427,64.04895403142912
cam1,60,200,3.5,2.016587331773777,2.777777777777778,0.7259714394385596,-27.402856056144042,27.460887346267015
cam1,60,200,4.5,2.344950248228447,2.777777777777778,0.8441820893622408,-15.581791063775919,15.649271646458734
cam1,60,400,3.5,2.7187471836705073,2.777777777777778,0.9787489861213825,-2.1251013878617497,2.203338716888221
cam1,60,800,2.5,1.8735723731684348,2.777777777777778,0.6744860543406365,-32.551394565936356,32.605310317682196
cam1,60,800,3.5,1.7424604982051926,2.777777777777778,0.6272857793538692,-37.27142206461308,37.32156481276285
cam1,60,800,4.5,2.2691550203044404,2.777777777777778,0.8168958073095984,-18.310419269040157,18.37571869408487
cam1,80,100,2.5,2.541359979789366,3.703703703703704,0.6861671945431287,-31.383280545687132,31.31459514082795
cam1,80,100,3.5,2.334213663917561,3.703703703703704,0.6302376892577414,-36.976231074225865,36.9131442184443
cam1,80,100,4.5,2.8089550576014912,3.703703703703704,0.7584178655524025,-24.158213444759745,24.08229574050024
cam1,80,1600,2.5,1.7675539459642262,3.703703703703704,0.477239565410341,-52.2760434589659,52.2282717306966
cam1,80,1600,3.5,2.5835603129451026,3.703703703703704,0.6975612844951776,-30.243871550482236,30.174045596078315
cam1,80,1600,4.5,2.8413278145965495,3.703703703703704,0.7671585099410683,-23.284149005893173,23.207356362255425
cam1,80,200,2.5,2.357902272147852,3.703703703703704,0.63663361347992,-36.336638652008006,36.27291156357157
cam1,80,200,3.5,2.598438054956051,3.703703703703704,0.7015782748381337,-29.842172516186626,29.77194446064727
cam1,80,200,4.5,3.022158757503576,3.703703703703704,0.8159828645259655,-18.401713547403453,18.320033580984436
cam1,80,400,2.5,2.2213563917000902,3.703703703703704,0.5997662257590243,-40.023377424097575,39.96334076486242
cam1,80,400,3.5,2.956528006165283,3.703703703703704,0.7982625616646263,-20.173743833537372,20.093837671208572
cam1,80,800,2.5,2.6259138327047458,3.703703703703704,0.7089967348302812,-29.100326516971876,29.029355872844715
cam1,80,800,3.5,2.5953759755175403,3.703703703703704,0.7007515133897357,-29.924848661026427,29.854703364390804
cam1,80,800,4.5,2.7848224966536876,3.703703703703704,0.7519020740964956,-24.809792590350444,24.734527117467906
cam2,60,100,2.5,2.212247474603348,2.777777777777778,0.7964090908572051,-20.359090914279488,20.422752712109784
cam2,60,100,3.5,1.695610345699876,2.777777777777778,0.6104197244519552,-38.958027554804474,39.00682209712675
cam2,60,100,4.5,1.0255585650611916,2.777777777777778,0.3692010834220289,-63.079891657797106,63.10940413448951
cam2,60,1600,3.5,0.9929071373161396,2.777777777777778,0.3574465694338102,-64.25534305661897,64.28391592387987
cam2,60,1600,4.5,0.1189863437542265,2.777777777777778,0.042835083751521535,-95.71649162484785,95.719915692294
cam2,60,200,2.5,1.8991611349564124,2.777777777777778,0.6836980085843084,-31.63019914156916,31.684851260560706
cam2,60,200,3.5,1.4515396335244546,2.777777777777778,0.5225542680688036,-47.74457319311964,47.78634411782537
cam2,60,400,2.5,2.5027046134021584,2.777777777777778,0.9009736608247769,-9.902633917522309,9.974654194166956
cam2,60,400,3.5,2.0610584052859835,2.777777777777778,0.741981025902954,-25.8018974097046,25.86120844295023
cam2,60,400,4.5,0.6120994533086448,2.777777777777778,0.2203558031911121,-77.96441968088878,77.98203405364586
cam2,60,800,2.5,1.7690023263888692,2.777777777777778,0.6368408374999929,-36.31591625000071,36.36682279176729
cam2,60,800,3.5,2.04505747511668,2.777777777777778,0.7362206910420047,-26.37793089579953,26.43678147062301
cam2,80,100,2.5,3.019371765678251,3.703703703703704,0.8152303767331277,-18.47696232668723,18.395357684371596
cam2,80,100,3.5,2.7208204644922827,3.703703703703704,0.7346215254129163,-26.537847458708374,26.464311770478847
cam2,80,100,4.5,2.1506531630594874,3.703703703703704,0.5806763540260615,-41.93236459739384,41.87423883623007
cam2,80,1600,2.5,6.2982340344833965,3.703703703703704,1.7005231893105168,70.05231893105169,70.22254147252423
cam2,80,1600,3.5,2.0200524193345837,3.703703703703704,0.5454141532203375,-45.45858467796625,45.40398866663288
cam2,80,1600,4.5,2.0539005384572544,3.703703703703704,0.5545531453834586,-44.54468546165414,44.48917463629042
cam2,80,200,2.5,2.738253025129274,3.703703703703704,0.7393283167849038,-26.067168321509616,25.9931614829926
cam2,80,200,3.5,2.686029873527375,3.703703703703704,0.7252280658523911,-27.47719341476089,27.404598012773658
cam2,80,200,4.5,2.220294174703483,3.703703703703704,0.5994794271699403,-40.05205728300597,39.99204933233831
cam2,80,400,2.5,2.8962876941711793,3.703703703703704,0.7819976774262183,-21.80023225737817,21.72195421158975
cam2,80,400,3.5,2.7826002583071228,3.703703703703704,0.751302069742923,-24.869793025707697,24.79458761332101
cam2,80,400,4.5,2.4564918798796773,3.703703703703704,0.6632528075675128,-33.67471924324872,33.60832757081953
cam2,80,800,2.5,2.4325475843238924,3.703703703703704,0.6567878477674509,-34.32121522325491,34.25547069394886
cam2,80,800,3.5,2.7826002583071228,3.703703703703704,0.751302069742923,-24.869793025707697,24.79458761332101
cam2,80,800,4.5,1.850299479345251,3.703703703703704,0.49958085942321767,-50.04191405767824,49.99190596364187
