metric,group,width_mm,pod
C_M,high,0.05,0.38872596806242027
C_M,high,0.060000000000000005,0.3955444598833238
C_M,high,0.07,0.4024038187888755
C_M,high,0.08,0.40930158242734116
C_M,high,0.09,0.41623522921054856
C_M,high,0.1,0.42320218174607915
C_M,high,0.11,0.43019981045033695
C_M,high,0.12000000000000001,0.43722543733258395
C_M,high,0.13,0.44427633993908827
C_M,high,0.14,0.4513497554456355
C_M,high,0.15000000000000002,0.4584428848858151
C_M,high,0.16,0.4655528975017155
C_M,high,0.16999999999999998,0.47267693520295817
C_M,high,0.18,0.4798121171193673
C_M,high,0.19,0.48695554423202897
C_M,high,0.2,0.4941043040670256
C_M,high,0.21000000000000002,0.5012554754357682
C_M,high,0.22000000000000003,0.5084061332055648
C_M,high,0.22999999999999998,0.5155533530838904
C_M,high,0.24,0.5226942163997362
C_M,high,0.25,0.5298258148654397
C_M,high,0.26,0.536945255302506
C_M,high,0.27,0.5440496643151521
C_M,high,0.28,0.5511361928956098
C_M,high,0.29,0.5582020209456299
C_M,high,0.3,0.5652443616991213
C_M,high,0.31,0.5722604660314357
C_M,high,0.32,0.5792476266414645
C_M,high,0.33,0.5862031820934518
C_M,high,0.33999999999999997,0.5931245207062185
C_M,high,0.35,0.6000090842783575
C_M,high,0.36,0.6068543716388746
C_M,high,0.37,0.6136579420137038
C_M,high,0.38,0.6204174181995297
C_M,high,0.39,0.6271304895373722
C_M,high,0.4,0.633794914679441
C_M,high,0.41,0.640408524143829
C_M,high,0.42,0.6469692226526823
C_M,high,0.43,0.6534749912505542
C_M,high,0.44,0.6599238892007031
C_M,high,0.45,0.6663140556581376
C_M,high,0.46,0.6726437111192282
C_M,high,0.47,0.6789111586486902
C_M,high,0.48,0.6851147848856949
C_M,high,0.49,0.6912530608317715
C_M,high,0.5,0.6973245424240309
C_M,high,0.51,0.7033278708980482
C_M,high,0.52,0.7092617729455061
C_M,high,0.53,0.7151250606723972
C_M,high,0.54,0.7209166313642317
C_M,high,0.55,0.7266354670652708
C_M,high,0.56,0.7322806339793354
C_M,high,0.5700000000000001,0.7378512817001859
C_M,high,0.5800000000000001,0.7433466422798699
C_M,high,0.5900000000000001,0.7487660291437644
C_M,high,0.6000000000000001,0.7541088358613037
C_M,high,0.6100000000000001,0.7593745347816044
C_M,high,0.6200000000000001,0.7645626755433389
C_M,high,0.63,0.7696728834683148
C_M,high,0.64,0.77470485784825
C_M,high,0.65,0.7796583701342331
C_M,high,0.66,0.7845332620382934
C_M,high,0.67,0.78932944355641
C_M,high,0.68,0.7940468909221411
C_M,high,0.6900000000000001,0.7986856444998768
C_M,high,0.7000000000000001,0.8032458066264971
C_M,high,0.7100000000000001,0.8077275394099789
C_M,high,0.7200000000000001,0.8121310624932073
C_M,high,0.7300000000000001,0.8164566507909622
C_M,high,0.7400000000000001,0.8207046322077177
C_M,high,0.7500000000000001,0.824875385343562
C_M,high,0.76,0.8289693371951896
C_M,high,0.77,0.8329869608585572
C_M,high,0.78,0.8369287732394171
C_M,high,0.79,0.8407953327775709
C_M,high,0.8,0.8445872371902987
C_M,high,0.81,0.8483051212400429
C_M,high,0.8200000000000001,0.8519496545310427
C_M,high,0.8300000000000001,0.8555215393392374
C_M,high,0.8400000000000001,0.8590215084793899
C_M,high,0.8500000000000001,0.8624503232130137
C_M,high,0.8600000000000001,0.8658087712003322
C_M,high,0.8700000000000001,0.8690976644991537
C_M,high,0.8800000000000001,0.8723178376132135
C_M,high,0.89,0.8754701455922032
C_M,high,0.9,0.8785554621854098
C_M,high,0.91,0.88157467805058
C_M,high,0.92,0.8845286990193475
C_M,high,0.93,0.8874184444202952
C_M,high,0.9400000000000001,0.8902448454604616
C_M,high,0.9500000000000001,0.8930088436658754
C_M,high,0.9600000000000001,0.8957113893814656
C_M,high,0.9700000000000001,0.898353440330492
C_M,high,0.9800000000000001,0.9009359602334472
C_M,high,0.9900000000000001,0.9034599174861955
C_M,high,1.0,0.9059262838969536
C_M,high,1.01,0.9083360334815642
C_M,high,1.02,0.9106901413163702
C_M,high,1.03,0.9129895824478802
C_M,high,1.04,0.915235330858295
C_M,high,1.05,0.9174283584858646
C_M,high,1.06,0.9195696342989598
C_M,high,1.07,0.921660123422657
C_M,high,1.08,0.9237007863165726
C_M,high,1.09,0.925692578002617
C_M,high,1.1,0.9276364473412985
C_M,high,1.11,0.929533336355155
C_M,high,1.12,0.93138417959787
C_M,high,1.1300000000000001,0.9331899035675928
C_M,high,1.1400000000000001,0.9349514261629781
C_M,high,1.1500000000000001,0.936669656180434
C_M,high,1.1600000000000001,0.9383454928510737
C_M,high,1.1700000000000002,0.93997982541586
C_M,high,1.1800000000000002,0.9415735327374384
C_M,high,1.1900000000000002,0.9431274829471639
C_M,high,1.2000000000000002,0.9446425331258408
C_M,high,1.21,0.9461195290167136
C_M,high,1.22,0.9475593047692651
C_M,high,1.23,0.9489626827124019
C_M,high,1.24,0.9503304731556402
C_M,high,1.25,0.951663474216925
C_M,high,1.26,0.9529624716757494
C_M,high,1.27,0.9542282388502804
C_M,high,1.28,0.9554615364972178
C_M,high,1.29,0.9566631127331622
C_M,high,1.3,0.9578337029762941
C_M,high,1.31,0.9589740299072057
C_M,high,1.32,0.960084803447769
C_M,high,1.33,0.9611667207569531
C_M,high,1.34,0.9622204662425484
C_M,high,1.35,0.9632467115877904
C_M,high,1.36,0.9642461157919117
C_M,high,1.37,0.9652193252236945
C_M,high,1.3800000000000001,0.966166973687125
C_M,high,1.3900000000000001,0.967089682498293
C_M,high,1.4000000000000001,0.9679880605727171
C_M,high,1.4100000000000001,0.9688627045223072
C_M,high,1.4200000000000002,0.9697141987612116
C_M,high,1.4300000000000002,0.9705431156198372
C_M,high,1.4400000000000002,0.9713500154663534
C_M,high,1.4500000000000002,0.9721354468350312
C_M,high,1.46,0.9728999465607986
C_M,high,1.47,0.9736440399194232
C_M,high,1.48,0.9743682407727621
C_M,high,1.49,0.9750730517185529
C_M,high,1.5,0.97575896424424
C_M,low,0.05,0.5712474661568289
C_M,low,0.060000000000000005,0.5773523245885961
C_M,low,0.07,0.5834336456742614
C_M,low,0.08,0.5894896806590678
C_M,low,0.09,0.5955187109963682
C_M,low,0.1,0.6015190501892479
C_M,low,0.11,0.6074890455528187
C_M,low,0.12000000000000001,0.6134270798936456
C_M,low,0.13,0.6193315731031054
C_M,low,0.14,0.6252009836618251
C_M,low,0.15000000000000002,0.6310338100527062
C_M,low,0.16,0.6368285920803937
C_M,low,0.16999999999999998,0.6425839120954144
C_M,low,0.18,0.648298396121568
C_M,low,0.19,0.6539707148855083
C_M,low,0.2,0.6595995847478143
C_M,low,0.21000000000000002,0.6651837685351937
C_M,low,0.22000000000000003,0.6707220762738021
C_M,low,0.22999999999999998,0.6762133658239977
C_M,low,0.24,0.6816565434171674
C_M,low,0.25,0.6870505640955733
C_M,low,0.26,0.6923944320564621
C_M,low,0.27,0.697687200901963
C_M,low,0.28,0.7029279737965657
C_M,low,0.29,0.708115903534218
C_M,low,0.3,0.7132501925173198
C_M,low,0.31,0.7183300926501014
C_M,low,0.32,0.7233549051490729
C_M,low,0.33,0.7283239802734143
C_M,low,0.33999999999999997,0.7332367169783284
C_M,low,0.35,0.7380925624945307
C_M,low,0.36,0.7428910118371674
C_M,low,0.37,0.7476316072475588
C_M,low,0.38,0.7523139375712573
C_M,low,0.39,0.7569376375759734
C_M,low,0.4,0.7615023872129802
C_M,low,0.41,0.7660079108256395
C_M,low,0.42,0.7704539763087151
C_M,low,0.43,0.7748403942221446
C_M,low,0.44,0.7791670168629232
C_M,low,0.45,0.7834337372987454
C_M,low,0.46,0.7876404883669932
C_M,low,0.47,0.7917872416426289
C_M,low,0.48,0.7958740063784804
C_M,low,0.49,0.7999008284213365
C_M,low,0.5,0.8038677891071973
C_M,low,0.51,0.8077750041389274
C_M,low,0.52,0.8116226224494677
C_M,low,0.53,0.8154108250536588
C_M,low,0.54,0.8191398238916209
C_M,low,0.55,0.8228098606665155
C_M,low,0.56,0.8264212056794034
C_M,low,0.5700000000000001,0.8299741566637869
C_M,low,0.5800000000000001,0.8334690376222994
C_M,low,0.5900000000000001,0.836906197667882
C_M,low,0.6000000000000001,0.8402860098716564
C_M,low,0.6100000000000001,0.8436088701195743
C_M,low,0.6200000000000001,0.8468751959797969
C_M,low,0.63,0.8500854255826289
C_M,low,0.64,0.8532400165147024
C_M,low,0.65,0.8563394447289829
C_M,low,0.66,0.8593842034720475
C_M,low,0.67,0.8623748022299538
C_M,low,0.68,0.8653117656939162
C_M,low,0.6900000000000001,0.8681956327468741
C_M,low,0.7000000000000001,0.8710269554719324
C_M,low,0.7100000000000001,0.8738062981835474
C_M,low,0.7200000000000001,0.8765342364822188
C_M,low,0.7300000000000001,0.879211356333353
C_M,low,0.7400000000000001,0.8818382531708657
C_M,low,0.7500000000000001,0.8844155310259947
C_M,low,0.76,0.8869438016817076
C_M,low,0.77,0.8894236838530084
C_M,low,0.78,0.8918558023933569
C_M,low,0.79,0.8942407875273509
C_M,low,0.8,0.8965792741097417
C_M,low,0.81,0.8988719009107885
C_M,low,0.8200000000000001,0.9011193099278969
C_M,low,0.8300000000000001,0.9033221457234238
C_M,low,0.8400000000000001,0.9054810547884815
C_M,low,0.8500000000000001,0.9075966849325185
C_M,low,0.8600000000000001,0.9096696846984114
C_M,low,0.8700000000000001,0.9117007028027585
C_M,low,0.8800000000000001,0.9136903876010277
C_M,low,0.89,0.915639386577171
C_M,low,0.9,0.9175483458572962
C_M,low,0.91,0.9194179097469459
C_M,low,0.92,0.9212487202915152
C_M,low,0.93,0.9230414168593174
C_M,low,0.9400000000000001,0.9247966357467844
C_M,low,0.9500000000000001,0.9265150098052715
C_M,low,0.9600000000000001,0.9281971680889237
C_M,low,0.9700000000000001,0.9298437355230521
C_M,low,0.9800000000000001,0.9314553325924472
C_M,low,0.9900000000000001,0.9330325750490653
C_M,low,1.0,0.9345760736385055
C_M,low,1.01,0.9360864338446958
C_M,low,1.02,0.9375642556522076
C_M,low,1.03,0.9390101333256129
C_M,low,1.04,0.9404246552053045
C_M,low,1.05,0.9418084035191983
C_M,low,1.06,0.943161954209742
C_M,low,1.07,0.9444858767756645
C_M,low,1.08,0.9457807341278953
C_M,low,1.09,0.9470470824591041
C_M,low,1.1,0.9482854711263088
C_M,low,1.11,0.9494964425460127
C_M,low,1.12,0.9506805321013422
C_M,low,1.1300000000000001,0.951838268060663
C_M,low,1.1400000000000001,0.9529701715071688
C_M,low,1.1500000000000001,0.9540767562789422
C_M,low,1.1600000000000001,0.9551585289190024
C_M,low,1.1700000000000002,0.9562159886348656
C_M,low,1.1800000000000002,0.9572496272671552
C_M,low,1.1900000000000002,0.9582599292668117
C_M,low,1.2000000000000002,0.9592473716804675
C_M,low,1.21,0.9602124241435572
C_M,low,1.22,0.9611555488807578
C_M,low,1.23,0.9620772007133525
C_M,low,1.24,0.9629778270731385
C_M,low,1.25,0.963857868022501
C_M,low,1.26,0.9647177562802923
C_M,low,1.27,0.9655579172531724
C_M,low,1.28,0.9663787690720671
C_M,low,1.29,0.9671807226334279
C_M,low,1.3,0.9679641816449762
C_M,low,1.31,0.9687295426756363
C_M,low,1.32,0.9694771952093654
C_M,low,1.33,0.9702075217026084
C_M,low,1.34,0.9709208976451076
C_M,low,1.35,0.9716176916238181
C_M,low,1.36,0.9722982653896801
C_M,low,1.37,0.9729629739270209
C_M,low,1.3800000000000001,0.9736121655253593
C_M,low,1.3900000000000001,0.9742461818534023
C_M,low,1.4000000000000001,0.97486535803503
C_M,low,1.4100000000000001,0.9754700227270777
C_M,low,1.4200000000000002,0.9760604981987254
C_M,low,1.4300000000000002,0.9766371004123261
C_M,low,1.4400000000000002,0.9772001391055012
C_M,low,1.4500000000000002,0.9777499178743457
C_M,low,1.46,0.978286734257594
C_M,low,1.47,0.9788108798216026
C_M,low,1.48,0.9793226402460131
C_M,low,1.49,0.979822295409971
C_M,low,1.5,0.9803101194787764
L_90,high,0.05,0.6598942278965205
L_90,high,0.060000000000000005,0.665166347110374
L_90,high,0.07,0.6703975609953227
L_90,high,0.08,0.6755869065543809
L_90,high,0.09,0.6807334592311851
L_90,high,0.1,0.6858363332465159
L_90,high,0.11,0.6908946818668208
L_90,high,0.12000000000000001,0.6959076976057346
L_90,high,0.13,0.7008746123597622
L_90,high,0.14,0.7057946974794486
L_90,high,0.15000000000000002,0.7106672637775127
L_90,high,0.16,0.7154916614755619
L_90,high,0.16999999999999998,0.720267280091131
L_90,high,0.18,0.7249935482669113
L_90,high,0.19,0.7296699335441407
L_90,high,0.2,0.734295942082221
L_90,high,0.21000000000000002,0.7388711183267204
L_90,high,0.22000000000000003,0.743395044627983
L_90,high,0.22999999999999998,0.747867340812642
L_90,high,0.24,0.7522876637103785
L_90,high,0.25,0.7566557066383117
L_90,high,0.26,0.7609711988454415
L_90,high,0.27,0.7652339049195834
L_90,high,0.28,0.7694436241592492
L_90,high,0.29,0.7736001899129312
L_90,high,0.3,0.7777034688882435
L_90,high,0.31,0.7817533604333551
L_90,high,0.32,0.7857497957931374
L_90,high,0.33,0.7896927373424103
L_90,high,0.33999999999999997,0.7935821777986407
L_90,high,0.35,0.7974181394164068
L_90,high,0.36,0.8012006731658875
L_90,high,0.37,0.8049298578975885
L_90,high,0.38,0.8086057994954563
L_90,high,0.39,0.8122286300204695
L_90,high,0.4,0.8157985068467278
L_90,high,0.41,0.8193156117919941
L_90,high,0.42,0.8227801502445671
L_90,high,0.43,0.8261923502882907
L_90,high,0.44,0.8295524618274261
L_90,high,0.45,0.8328607557130367
L_90,high,0.46,0.8361175228724527
L_90,high,0.47,0.8393230734433027
L_90,high,0.48,0.8424777359135217
L_90,high,0.49,0.8455818562686545
L_90,high,0.5,0.8486357971477042
L_90,high,0.51,0.8516399370086838
L_90,high,0.52,0.8545946693049576
L_90,high,0.53,0.8575004016733738
L_90,high,0.54,0.8603575551351165
L_90,high,0.55,0.8631665633101276
L_90,high,0.56,0.8659278716458755
L_90,high,0.5700000000000001,0.8686419366611724
L_90,high,0.5800000000000001,0.871309225205676
L_90,high,0.5900000000000001,0.8739302137356417
L_90,high,0.6000000000000001,0.87650538760642
L_90,high,0.6100000000000001,0.8790352403821413
L_90,high,0.6200000000000001,0.8815202731629558
L_90,high,0.63,0.8839609939301513
L_90,high,0.64,0.8863579169094015
L_90,high,0.65,0.8887115619523571
L_90,high,0.66,0.8910224539367302
L_90,high,0.67,0.8932911221849827
L_90,high,0.68,0.8955180999016755
L_90,high,0.6900000000000001,0.8977039236295006
L_90,high,0.7000000000000001,0.8998491327239705
L_90,high,0.7100000000000001,0.9019542688467049
L_90,high,0.7200000000000001,0.9040198754772188
L_90,high,0.7300000000000001,0.9060464974430815
L_90,high,0.7400000000000001,0.9080346804682861
L_90,high,0.7500000000000001,0.9099849707396418
L_90,high,0.76,0.9118979144909728
L_90,high,0.77,0.9137740576048844
L_90,high,0.78,0.9156139452318356
L_90,high,0.79,0.9174181214262388
L_90,high,0.8,0.9191871287992835
L_90,high,0.81,0.9209215081881745
L_90,high,0.8200000000000001,0.9226217983414504
L_90,high,0.8300000000000001,0.9242885356200438
L_90,high,0.8400000000000001,0.925922253713729
L_90,high,0.8500000000000001,0.9275234833725965
L_90,high,0.8600000000000001,0.9290927521531815
L_90,high,0.8700000000000001,0.9306305841788748
L_90,high,0.8800000000000001,0.932137499914228
L_90,high,0.89,0.9336140159527759
L_90,high,0.9,0.9350606448179779
L_90,high,0.91,0.9364778947768976
L_90,high,0.92,0.937866269666224
L_90,high,0.93,0.9392262687302465
L_90,high,0.9400000000000001,0.9405583864703938
L_90,high,0.9500000000000001,0.9418631125059495
L_90,high,0.9600000000000001,0.9431409314455592
L_90,high,0.9700000000000001,0.9443923227691505
L_90,high,0.9800000000000001,0.945617760719885
L_90,high,0.9900000000000001,0.9468177142057719
L_90,high,1.0,0.947992646710577
L_90,high,1.01,0.9491430162136625
L_90,high,1.02,0.950269275118403
L_90,high,1.03,0.9513718701888291
L_90,high,1.04,0.9524512424941545
L_90,high,1.05,0.9535078273608512
L_90,high,1.06,0.9545420543319451
L_90,high,1.07,0.955554347133209
L_90,high,1.08,0.9565451236459414
L_90,high,1.09,0.9575147958860251
L_90,high,1.1,0.9584637699889652
L_90,high,1.11,0.9593924462006215
L_90,high,1.12,0.9603012188733481
L_90,high,1.1300000000000001,0.961190476467271
L_90,high,1.1400000000000001,0.9620606015564336
L_90,high,1.1500000000000001,0.962911970839557
L_90,high,1.1600000000000001,0.9637449551551618
L_90,high,1.1700000000000002,0.9645599195008121
L_90,high,1.1800000000000002,0.9653572230562455
L_90,high,1.1900000000000002,0.9661372192101674
L_90,high,1.2000000000000002,0.9669002555904876
L_90,high,1.21,0.9676466740977897
L_90,high,1.22,0.968376810941833
L_90,high,1.23,0.9690909966808885
L_90,high,1.24,0.969789556263722
L_90,high,1.25,0.9704728090740451
L_90,high,1.26,0.9711410689772576
L_90,high,1.27,0.971794644369316
L_90,high,1.28,0.9724338382275673
L_90,high,1.29,0.9730589481633977
L_90,high,1.3,0.9736702664765414
L_90,high,1.31,0.9742680802109174
L_90,high,1.32,0.9748526712118549
L_90,high,1.33,0.975424316184579
L_90,high,1.34,0.9759832867538333
L_90,high,1.35,0.9765298495245235
L_90,high,1.36,0.9770642661432696
L_90,high,1.37,0.9775867933607587
L_90,high,1.3800000000000001,0.9780976830947975
L_90,high,1.3900000000000001,0.9785971824939691
L_90,high,1.4000000000000001,0.9790855340018009
L_90,high,1.4100000000000001,0.9795629754213556
L_90,high,1.4200000000000002,0.9800297399801652
L_90,high,1.4300000000000002,0.9804860563954274
L_90,high,1.4400000000000002,0.9809321489393897
L_90,high,1.4500000000000002,0.9813682375048551
L_90,high,1.46,0.9817945376707352
L_90,high,1.47,0.9822112607675978
L_90,high,1.48,0.9826186139431411
L_90,high,1.49,0.9830168002275448
L_90,high,1.5,0.9834060185986427
L_90,low,0.05,0.3074566867705382
L_90,low,0.060000000000000005,0.3141255029063467
L_90,low,0.07,0.32087194834873983
L_90,low,0.08,0.3276940603589751
L_90,low,0.09,0.3345897577885729
L_90,low,0.1,0.341556842286043
L_90,low,0.11,0.3485929998665609
L_90,low,0.12000000000000001,0.3556958028492537
L_90,low,0.13,0.3628627121649541
L_90,low,0.14,0.3700910800353922
L_90,low,0.15000000000000002,0.3773781530228319
L_90,low,0.16,0.38472107544713935
L_90,low,0.16999999999999998,0.39211689316520404
L_90,low,0.18,0.3995625577055378
L_90,low,0.19,0.40705493074877597
L_90,low,0.2,0.41459078894270557
L_90,low,0.21000000000000002,0.4221668290383764
L_90,low,0.22000000000000003,0.4297796733318248
L_90,low,0.22999999999999998,0.4374258753939779
L_90,low,0.24,0.4451019260694274
L_90,low,0.25,0.4528042597229838
L_90,low,0.26,0.46052926071126427
L_90,low,0.27,0.46827327005503877
L_90,low,0.28,0.47603259228669403
L_90,low,0.29,0.483803502445958
L_90,low,0.3,0.4915822531960064
L_90,low,0.31,0.49936508203122665
L_90,low,0.32,0.5071482185472731
L_90,low,0.33,0.514927891743609
L_90,low,0.33999999999999997,0.5227003373285039
L_90,low,0.35,0.5304618049964308
L_90,low,0.36,0.5382085656480127
L_90,low,0.37,0.5459369185230603
L_90,low,0.38,0.5536431982178659
L_90,low,0.39,0.561323781558716
L_90,low,0.4,0.5689750943045921
L_90,low,0.41,0.5765936176532049
L_90,low,0.42,0.5841758945258569
L_90,low,0.43,0.5917185356081237
L_90,low,0.44,0.5992182251249898
L_90,low,0.45,0.6066717263308267
L_90,low,0.46,0.6140758866964714
L_90,low,0.47,0.6214276427776091
L_90,low,0.48,0.6287240247506805
L_90,low,0.49,0.6359621606046023
L_90,low,0.5,0.643139279978677
L_90,low,0.51,0.6502527176391787
L_90,low,0.52,0.657299916589193
L_90,low,0.53,0.6642784308083646
L_90,low,0.54,0.6711859276212331
L_90,low,0.55,0.6780201896948116
L_90,low,0.56,0.6847791166679646
L_90,low,0.5700000000000001,0.6914607264169563
L_90,low,0.5800000000000001,0.6980631559632618
L_90,low,0.5900000000000001,0.7045846620313511
L_90,low,0.6000000000000001,0.7110236212656483
L_90,low,0.6100000000000001,0.7173785301172549
L_90,low,0.6200000000000001,0.7236480044122703
L_90,low,0.63,0.7298307786146617
L_90,low,0.64,0.7359257047976292
L_90,low,0.65,0.7419317513382503
L_90,low,0.66,0.747848001350918
L_90,low,0.67,0.7536736508756585
L_90,low,0.68,0.7594080068378802
L_90,low,0.6900000000000001,0.7650504847964239
L_90,low,0.7000000000000001,0.7706006064969959
L_90,low,0.7100000000000001,0.77605799724816
L_90,low,0.7200000000000001,0.781422383137036
L_90,low,0.7300000000000001,0.7866935881017441
L_90,low,0.7400000000000001,0.7918715308774096
L_90,low,0.7500000000000001,0.7969562218322441
L_90,low,0.76,0.8019477597098355
L_90,low,0.77,0.806846328293324
L_90,low,0.78,0.8116521930066296
L_90,low,0.79,0.8163656974673156
L_90,low,0.8,0.8209872600050632
L_90,low,0.81,0.8255173701590667
L_90,low,0.8200000000000001,0.8299565851669712
L_90,low,0.8300000000000001,0.8343055264572592
L_90,low,0.8400000000000001,0.8385648761562571
L_90,low,0.8500000000000001,0.8427353736201916
L_90,low,0.8600000000000001,0.8468178120019699
L_90,low,0.8700000000000001,0.8508130348616135
L_90,low,0.8800000000000001,0.8547219328285218
L_90,low,0.89,0.8585454403230115
L_90,low,0.9,0.8622845323438527
L_90,low,0.91,0.8659402213278174
L_90,low,0.92,0.8695135540865674
L_90,low,0.93,0.8730056088255539
L_90,low,0.9400000000000001,0.876417492248957
L_90,low,0.9500000000000001,0.8797503367540896
L_90,low,0.9600000000000001,0.8830052977181053
L_90,low,0.9700000000000001,0.8861835508793041
L_90,low,0.9800000000000001,0.889286289814807
L_90,low,0.9900000000000001,0.8923147235158844
L_90,low,1.0,0.8952700740617681
L_90,low,1.01,0.8981535743923478
L_90,low,1.02,0.9009664661797662
L_90,low,1.03,0.9037099977985603
L_90,low,1.04,0.9063854223936662
L_90,low,1.05,0.9089939960453037
L_90,low,1.06,0.9115369760294818
L_90,low,1.07,0.9140156191726234
L_90,low,1.08,0.9164311802985855
L_90,low,1.09,0.9187849107661613
L_90,low,1.1,0.9210780570949768
L_90,low,1.11,0.9233118596775534
L_90,low,1.12,0.9254875515751795
L_90,low,1.1300000000000001,0.9276063573951298
L_90,low,1.1400000000000001,0.9296694922466907
L_90,low,1.1500000000000001,0.931678160773374
L_90,low,1.1600000000000001,0.933633556258658
L_90,low,1.1700000000000002,0.9355368598025561
L_90,low,1.1800000000000002,0.9373892395662882
L_90,low,1.1900000000000002,0.9391918500823272
L_90,low,1.2000000000000002,0.9409458316270893
L_90,low,1.21,0.9426523096535543
L_90,low,1.22,0.9443123942811217
L_90,low,1.23,0.9459271798400415
L_90,low,1.24,0.947497744467796
L_90,low,1.25,0.949025149754854
L_90,low,1.26,0.9505104404372724
L_90,low,1.27,0.9519546441336726
L_90,low,1.28,0.9533587711241828
L_90,low,1.29,0.9547238141689992
L_90,low,1.3,0.9560507483642884
L_90,low,1.31,0.9573405310332225
L_90,low,1.32,0.9585941016500058
L_90,low,1.33,0.9598123817948334
L_90,low,1.34,0.9609962751377861
L_90,low,1.35,0.9621466674497472
L_90,low,1.36,0.9632644266384996
L_90,low,1.37,0.9643504028082348
L_90,low,1.3800000000000001,0.9654054283407791
L_90,low,1.3900000000000001,0.9664303179969196
L_90,low,1.4000000000000001,0.9674258690362767
L_90,low,1.4100000000000001,0.9683928613542538
L_90,low,1.4200000000000002,0.9693320576346476
L_90,low,1.4300000000000002,0.9702442035165882
L_90,low,1.4400000000000002,0.9711300277745336
L_90,low,1.4500000000000002,0.9719902425101093
L_90,low,1.46,0.972825543354654
L_90,low,1.47,0.9736366096813849
L_90,low,1.48,0.9744241048261617
L_90,low,1.49,0.9751886763158825
L_90,low,1.5,0.9759309561036011
mtf_h,high,0.05,0.49956875779358595
mtf_h,high,0.060000000000000005,0.5045479108863791
mtf_h,high,0.07,0.5095261620547442
mtf_h,high,0.08,0.5145025245602523
mtf_h,high,0.09,0.5194760131617698
mtf_h,high,0.1,0.5244456448949041
mtf_h,high,0.11,0.5294104398476177
mtf_h,high,0.12000000000000001,0.534369421930716
mtf_h,high,0.13,0.5393216196419227
mtf_h,high,0.14,0.5442660668222806
mtf_h,high,0.15000000000000002,0.5492018034036337
mtf_h,high,0.16,0.5541278761459741
mtf_h,high,0.16999999999999998,0.559043339363466
mtf_h,high,0.18,0.5639472556379883
mtf_h,high,0.19,0.5688386965190789
mtf_h,high,0.2,0.573716743209193
mtf_h,high,0.21000000000000002,0.5785804872332372
mtf_h,high,0.22000000000000003,0.5834290310913791
mtf_h,high,0.22999999999999998,0.5882614888941804
mtf_h,high,0.24,0.5930769869791496
mtf_h,high,0.25,0.5978746645078594
mtf_h,high,0.26,0.6026536740428288
mtf_h,high,0.27,0.6074131821034191
mtf_h,high,0.28,0.6121523697000534
mtf_h,high,0.29,0.6168704328461218
mtf_h,high,0.3,0.6215665830469927
mtf_h,high,0.31,0.6262400477656104
mtf_h,high,0.32,0.6308900708642144
mtf_h,high,0.33,0.6355159130217801
mtf_h,high,0.33999999999999997,0.6401168521268329
mtf_h,high,0.35,0.6446921836453533
mtf_h,high,0.36,0.6492412209635442
mtf_h,high,0.37,0.6537632957052946
mtf_h,high,0.38,0.6582577580242256
mtf_h,high,0.39,0.6627239768702683
mtf_h,high,0.4,0.6671613402307717
mtf_h,high,0.41,0.6715692553461996
mtf_h,high,0.42,0.6759471489005229
mtf_h,high,0.43,0.6802944671864711
mtf_h,high,0.44,0.6846106762458504
mtf_h,high,0.45,0.6888952619851896
mtf_h,high,0.46,0.6931477302670175
mtf_h,high,0.47,0.6973676069771222
mtf_h,high,0.48,0.7015544380681823
mtf_h,high,0.49,0.7057077895802032
mtf_h,high,0.5,0.7098272476382262
mtf_h,high,0.51,0.7139124184278165
mtf_h,high,0.52,0.7179629281488675
mtf_h,high,0.53,0.7219784229482894
mtf_h,high,0.54,0.7259585688321792
mtf_h,high,0.55,0.7299030515580981
mtf_h,high,0.56,0.733811576508096
mtf_h,high,0.5700000000000001,0.7376838685431596
mtf_h,high,0.5800000000000001,0.7415196718397608
mtf_h,high,0.5900000000000001,0.7453187497092169
mtf_h,high,0.6000000000000001,0.7490808844005722
mtf_h,high,0.6100000000000001,0.7528058768877343
mtf_h,high,0.6200000000000001,0.7564935466415975
mtf_h,high,0.63,0.7601437313879051
mtf_h,high,0.64,0.763756286851593
mtf_h,high,0.65,0.7673310864883736
mtf_h,high,0.66,0.77086802120431
mtf_h,high,0.67,0.7743669990641358
mtf_h,high,0.68,0.7778279449890694
mtf_h,high,0.6900000000000001,0.7812508004448702
mtf_h,high,0.7000000000000001,0.784635523120872
mtf_h,high,0.7100000000000001,0.7879820866007327
mtf_h,high,0.7200000000000001,0.7912904800256132
mtf_h,high,0.7300000000000001,0.7945607077505067
mtf_h,high,0.7400000000000001,0.7977927889944101
mtf_h,high,0.7500000000000001,0.8009867574850291
mtf_h,high,0.76,0.8041426610986875
mtf_h,high,0.77,0.8072605614960953
mtf_h,high,0.78,0.8103405337546203
mtf_h,high,0.79,0.8133826659976823
mtf_h,high,0.8,0.816387059021877
mtf_h,high,0.81,0.819353825922417
mtf_h,high,0.8200000000000001,0.8222830917174554
mtf_h,high,0.8300000000000001,0.8251749929718416
mtf_h,high,0.8400000000000001,0.8280296774208359
mtf_h,high,0.8500000000000001,0.8308473035942904
mtf_h,high,0.8600000000000001,0.8336280404417834
mtf_h,high,0.8700000000000001,0.8363720669591722
mtf_h,high,0.8800000000000001,0.8390795718170084
mtf_h,high,0.89,0.8417507529912408
mtf_h,high,0.9,0.8443858173966073
mtf_h,high,0.91,0.846984980523096
mtf_h,high,0.92,0.8495484660758393
mtf_h,high,0.93,0.8520765056187772
mtf_h,high,0.9400000000000001,0.8545693382224095
mtf_h,high,0.9500000000000001,0.8570272101159396
mtf_h,high,0.9600000000000001,0.859450374344083
mtf_h,high,0.9700000000000001,0.8618390904288029
mtf_h,high,0.9800000000000001,0.8641936240362156
mtf_h,high,0.9900000000000001,0.8665142466488799
mtf_h,high,1.0,0.8688012352436796
mtf_h,high,1.01,0.871054871975482
mtf_h,high,1.02,0.8732754438667377
mtf_h,high,1.03,0.8754632425031745
mtf_h,high,1.04,0.8776185637357193
mtf_h,high,1.05,0.8797417073887641
mtf_h,high,1.06,0.8818329769748801
mtf_h,high,1.07,0.8838926794160674
mtf_h,high,1.08,0.8859211247716157
mtf_h,high,1.09,0.8879186259726305
mtf_h,high,1.1,0.8898854985632799
mtf_h,high,1.11,0.8918220604487864
mtf_h,high,1.12,0.893728631650196
mtf_h,high,1.1300000000000001,0.895605534065927
mtf_h,high,1.1400000000000001,0.8974530912401034
mtf_h,high,1.1500000000000001,0.8992716281376615
mtf_h,high,1.1600000000000001,0.9010614709262081
mtf_h,high,1.1700000000000002,0.9028229467646042
mtf_h,high,1.1800000000000002,0.9045563835982324
mtf_h,high,1.1900000000000002,0.9062621099609055
mtf_h,high,1.2000000000000002,0.9079404547833598
mtf_h,high,1.21,0.9095917472082748
mtf_h,high,1.22,0.9112163164117498
mtf_h,high,1.23,0.9128144914311647
mtf_h,high,1.24,0.9143866009993458
mtf_h,high,1.25,0.9159329733849513
mtf_h,high,1.26,0.917453936238989
mtf_h,high,1.27,0.9189498164473687
mtf_h,high,1.28,0.9204209399893959
mtf_h,high,1.29,0.9218676318021012
mtf_h,high,1.3,0.9232902156503054
mtf_h,high,1.31,0.9246890140023077
mtf_h,high,1.32,0.9260643479110902
mtf_h,high,1.33,0.9274165369009258
mtf_h,high,1.34,0.9287458988592756
mtf_h,high,1.35,0.9300527499338579
mtf_h,high,1.36,0.9313374044347744
mtf_h,high,1.37,0.9326001747415752
mtf_h,high,1.3800000000000001,0.9338413712151407
mtf_h,high,1.3900000000000001,0.9350613021142656
mtf_h,high,1.4000000000000001,0.9362602735168212
mtf_h,high,1.4100000000000001,0.937438589245378
mtf_h,high,1.4200000000000002,0.9385965507971703
mtf_h,high,1.4300000000000002,0.9397344572782783
mtf_h,high,1.4400000000000002,0.9408526053419161
mtf_h,high,1.4500000000000002,0.9419512891307007
mtf_h,high,1.46,0.9430308002227875
mtf_h,high,1.47,0.9440914275817575
mtf_h,high,1.48,0.9451334575101344
mtf_h,high,1.49,0.9461571736064265
mtf_h,high,1.5,0.9471628567255715
mtf_h,low,0.05,0.4328603111814619
mtf_h,low,0.060000000000000005,0.441833445497933
mtf_h,low,0.07,0.45084472251567365
mtf_h,low,0.08,0.4598883594546254
mtf_h,low,0.09,0.4689584887789894
mtf_h,low,0.1,0.47804917322454094
mtf_h,low,0.11,0.48715442121430164
mtf_h,low,0.12000000000000001,0.4962682025783142
mtf_h,low,0.13,0.5053844644903556
mtf_h,low,0.14,0.5144971475323321
mtf_h,low,0.15000000000000002,0.5236002017958701
mtf_h,low,0.16,0.5326876029302539
mtf_h,low,0.16999999999999998,0.5417533680463827
mtf_h,low,0.18,0.5507915713878069
mtf_h,low,0.19,0.5597963596821462
mtf_h,low,0.2,0.5687619670892518
mtf_h,low,0.21000000000000002,0.5776827296663007
mtf_h,low,0.22000000000000003,0.5865530992745693
mtf_h,low,0.22999999999999998,0.5953676568578262
mtf_h,low,0.24,0.6041211250280717
mtf_h,low,0.25,0.6128083799006341
mtf_h,low,0.26,0.6214244621273208
mtf_h,low,0.27,0.6299645870833509
mtf_h,low,0.28,0.6384241541710391
mtf_h,low,0.29,0.6467987552106039
mtf_h,low,0.3,0.6550841818959051
mtf_h,low,0.31,0.6632764323003371
mtf_h,low,0.32,0.6713717164253742
mtf_h,low,0.33,0.6793664607913618
mtf_h,low,0.33999999999999997,0.6872573120769492
mtf_h,low,0.35,0.6950411398200438
mtf_h,low,0.36,0.7027150381992368
mtf_h,low,0.37,0.7102763269202919
mtf_h,low,0.38,0.7177225512374374
mtf_h,low,0.39,0.7250514811438379
mtf_h,low,0.4,0.7322611097697173
mtf_h,low,0.41,0.7393496510301575
mtf_h,low,0.42,0.746315536567576
mtf_h,low,0.43,0.7531574120363242
mtf_h,low,0.44,0.7598741327787332
mtf_h,low,0.45,0.766464758943287
mtf_h,low,0.46,0.7729285500964495
mtf_h,low,0.47,0.7792649593800298
mtf_h,low,0.48,0.7854736272658868
mtf_h,low,0.49,0.7915543749592497
mtf_h,low,0.5,0.7975071975010496
mtf_h,low,0.51,0.8033322566184061
mtf_h,low,0.52,0.809029873370871
mtf_h,low,0.53,0.8146005206382186
mtf_h,low,0.54,0.8200448154935241
mtf_h,low,0.55,0.8253635115030459
mtf_h,low,0.56,0.8305574909920408
mtf_h,low,0.5700000000000001,0.8356277573131426
mtf_h,low,0.5800000000000001,0.8405754271513497
mtf_h,low,0.5900000000000001,0.8454017228970329
mtf_h,low,0.6000000000000001,0.8501079651157196
mtf_h,low,0.6100000000000001,0.8546955651407545
mtf_h,low,0.6200000000000001,0.859166017812311
mtf_h,low,0.63,0.863520894383655
mtf_h,low,0.64,0.8677618356130492
mtf_h,low,0.65,0.8718905450572614
mtf_h,low,0.66,0.8759087825803122
mtf_h,low,0.67,0.879818358088874
mtf_h,low,0.68,0.8836211255036283
mtf_h,low,0.6900000000000001,0.887318976973905
mtf_h,low,0.7000000000000001,0.8909138373410748
mtf_h,low,0.7100000000000001,0.8944076588544329
mtf_h,low,0.7200000000000001,0.8978024161417308
mtf_h,low,0.7300000000000001,0.9011001014350359
mtf_h,low,0.7400000000000001,0.9043027200512777
mtf_h,low,0.7500000000000001,0.9074122861256255
mtf_h,low,0.76,0.9104308185947656
mtf_h,low,0.77,0.9133603374261747
mtf_h,low,0.78,0.916202860088651
mtf_h,low,0.79,0.9189603982586074
mtf_h,low,0.8,0.9216349547560088
mtf_h,low,0.81,0.9242285207032878
mtf_h,low,0.8200000000000001,0.9267430729001251
mtf_h,low,0.8300000000000001,0.929180571406619
mtf_h,low,0.8400000000000001,0.9315429573270771
mtf_h,low,0.8500000000000001,0.9338321507864519
mtf_h,low,0.8600000000000001,0.9360500490912915
mtf_h,low,0.8700000000000001,0.9381985250669884
mtf_h,low,0.8800000000000001,0.9402794255630674
mtf_h,low,0.89,0.9422945701182764
mtf_h,low,0.9,0.9442457497772889
mtf_h,low,0.91,0.9461347260509287
mtf_h,low,0.92,0.947963230011945
mtf_h,low,0.93,0.9497329615185336
mtf_h,low,0.9400000000000001,0.9514455885579636
mtf_h,low,0.9500000000000001,0.9531027467028897
mtf_h,low,0.9600000000000001,0.9547060386731282
mtf_h,low,0.9700000000000001,0.9562570339959222
mtf_h,low,0.9800000000000001,0.957757268757959
mtf_h,low,0.9900000000000001,0.9592082454426519
mtf_h,low,1.0,0.9606114328464632
mtf_h,low,1.01,0.9619682660683003
mtf_h,low,1.02,0.9632801465662855
mtf_h,low,1.03,0.9645484422764594
mtf_h,low,1.04,0.9657744877882447
mtf_h,low,1.05,0.9669595845717529
mtf_h,low,1.06,0.9681050012522754
mtf_h,low,1.07,0.9692119739275482
mtf_h,low,1.08,0.9702817065236293
mtf_h,low,1.09,0.9713153711854624
mtf_h,low,1.1,0.9723141086984359
mtf_h,low,1.11,0.9732790289374685
mtf_h,low,1.12,0.974211211340372
mtf_h,low,1.1300000000000001,0.9751117054024485
mtf_h,low,1.1400000000000001,0.9759815311894817
mtf_h,low,1.1500000000000001,0.9768216798664735
mtf_h,low,1.1600000000000001,0.9776331142396615
mtf_h,low,1.1700000000000002,0.9784167693095277
mtf_h,low,1.1800000000000002,0.9791735528326777
mtf_h,low,1.1900000000000002,0.9799043458906278
mtf_h,low,1.2000000000000002,0.9806100034636881
mtf_h,low,1.21,0.9812913550082722
mtf_h,low,1.22,0.9819492050361038
mtf_h,low,1.23,0.9825843336939104
mtf_h,low,1.24,0.9831974973423241
mtf_h,low,1.25,0.9837894291328148
mtf_h,low,1.26,0.984360839581593
mtf_h,low,1.27,0.9849124171395179
mtf_h,low,1.28,0.9854448287571401
mtf_h,low,1.29,0.9859587204440963
mtf_h,low,1.3,0.9864547178221555
mtf_h,low,1.31,0.9869334266712929
mtf_h,low,1.32,0.9873954334682398
mtf_h,low,1.33,0.9878413059170208
mtf_h,low,1.34,0.9882715934710581
mtf_h,low,1.35,0.9886868278464712
mtf_h,low,1.36,0.9890875235262607
mtf_h,low,1.37,0.9894741782551113
mtf_h,low,1.3800000000000001,0.9898472735245903
mtf_h,low,1.3900000000000001,0.9902072750485676
mtf_h,low,1.4000000000000001,0.9905546332287153
mtf_h,low,1.4100000000000001,0.9908897836099803
mtf_h,low,1.4200000000000002,0.9912131473259612
mtf_h,low,1.4300000000000002,0.9915251315341403
mtf_h,low,1.4400000000000002,0.9918261298409623
mtf_h,low,1.4500000000000002,0.9921165227167585
mtf_h,low,1.46,0.9923966779005543
mtf_h,low,1.47,0.9926669507948052
mtf_h,low,1.48,0.9929276848501327
mtf_h,low,1.49,0.9931792119401427
mtf_h,low,1.5,0.9934218527264238
bew_h,high,0.05,0.44187808216679947
bew_h,high,0.060000000000000005,0.44815060762748016
bew_h,high,0.07,0.4544396739340366
bew_h,high,0.08,0.4607433107641469
bew_h,high,0.09,0.467059529238874
bew_h,high,0.1,0.47338632440362227
bew_h,high,0.11,0.47972167775258145
bew_h,high,0.12000000000000001,0.48606355978996596
bew_h,high,0.13,0.49240993262118843
bew_h,high,0.14,0.4987587525669634
bew_h,high,0.15000000000000002,0.5051079727932335
bew_h,high,0.16,0.5114555459497344
bew_h,high,0.16999999999999998,0.517799426809973
bew_h,high,0.18,0.5241375749053891
bew_h,high,0.19,0.5304679571464975
bew_h,high,0.2,0.5367885504238664
bew_h,high,0.21000000000000002,0.5430973441818863
bew_h,high,0.22000000000000003,0.5493923429584068
bew_h,high,0.22999999999999998,0.5556715688834807
bew_h,high,0.24,0.5619330641306415
bew_h,high,0.25,0.5681748933143619
bew_h,high,0.26,0.5743951458275852
bew_h,high,0.27,0.5805919381134959
bew_h,high,0.28,0.5867634158659905
bew_h,high,0.29,0.5929077561536312
bew_h,high,0.3,0.5990231694622014
bew_h,high,0.31,0.6051079016513388
bew_h,high,0.32,0.6111602358210971
bew_h,high,0.33,0.617178494084668
bew_h,high,0.33999999999999997,0.6231610392438924
bew_h,high,0.35,0.6291062763645952
bew_h,high,0.36,0.6350126542491822
bew_h,high,0.37,0.6408786668043576
bew_h,high,0.38,0.6467028543022232
bew_h,high,0.39,0.6524838045334437
bew_h,high,0.4,0.6582201538515567
bew_h,high,0.41,0.6639105881079213
bew_h,high,0.42,0.6695538434771783
bew_h,high,0.43,0.6751487071734905
bew_h,high,0.44,0.6806940180581921
bew_h,high,0.45,0.6861886671398424
bew_h,high,0.46,0.6916315979680138
bew_h,high,0.47,0.6970218069224757
bew_h,high,0.48,0.70235834339974
bew_h,high,0.49,0.7076403098992251
bew_h,high,0.5,0.7128668620115635
bew_h,high,0.51,0.7180372083118307
bew_h,high,0.52,0.7231506101606964
bew_h,high,0.53,0.7282063814167089
bew_h,high,0.54,0.7332038880631131
bew_h,high,0.55,0.7381425477527568
bew_h,high,0.56,0.7430218292747935
bew_h,high,0.5700000000000001,0.7478412519470033
bew_h,high,0.5800000000000001,0.7526003849376579
bew_h,high,0.5900000000000001,0.7572988465209342
bew_h,high,0.6000000000000001,0.7619363032699392
bew_h,high,0.6100000000000001,0.7665124691914557
bew_h,high,0.6200000000000001,0.7710271048065277
bew_h,high,0.63,0.775480016181025
bew_h,high,0.64,0.7798710539102982
bew_h,high,0.65,0.784200112062016
bew_h,high,0.66,0.7884671270812309
bew_h,high,0.67,0.7926720766616581
bew_h,high,0.68,0.796814978587086
bew_h,high,0.6900000000000001,0.8008958895467535
bew_h,high,0.7000000000000001,0.8049149039284293
bew_h,high,0.7100000000000001,0.8088721525928385
bew_h,high,0.7200000000000001,0.8127678016329521
bew_h,high,0.7300000000000001,0.8166020511215536
bew_h,high,0.7400000000000001,0.8203751338503547
bew_h,high,0.7500000000000001,0.8240873140638107
bew_h,high,0.76,0.8277388861906447
bew_h,high,0.77,0.8313301735759483
bew_h,high,0.78,0.8348615272165878
bew_h,high,0.79,0.8383333245024924
bew_h,high,0.8,0.8417459679662616
bew_h,high,0.81,0.845099884043373
bew_h,high,0.8200000000000001,0.8483955218451343
bew_h,high,0.8300000000000001,0.8516333519463671
bew_h,high,0.8400000000000001,0.854813865189673
bew_h,high,0.8500000000000001,0.8579375715079834
bew_h,high,0.8600000000000001,0.8610049987669607
bew_h,high,0.8700000000000001,0.8640166916286703
bew_h,high,0.8800000000000001,0.866973210437823
bew_h,high,0.89,0.8698751301317416
bew_h,high,0.9,0.8727230391750916
bew_h,high,0.91,0.8755175385202846
bew_h,high,0.92,0.8782592405943497
bew_h,high,0.93,0.8809487683129544
bew_h,high,0.9400000000000001,0.8835867541221474
bew_h,high,0.9500000000000001,0.8861738390682908
bew_h,high,0.9600000000000001,0.8887106718965554
bew_h,high,0.9700000000000001,0.8911979081782523
bew_h,high,0.9800000000000001,0.8936362094671955
bew_h,high,0.9900000000000001,0.8960262424851947
bew_h,high,1.0,0.898368678336711
bew_h,high,1.01,0.9006641917526268
bew_h,high,1.02,0.9029134603630179
bew_h,high,1.03,0.9051171639987496
bew_h,high,1.04,0.9072759840216594
bew_h,high,1.05,0.909390602683039
bew_h,high,1.06,0.9114617025100709
bew_h,high,1.07,0.9134899657198414
bew_h,high,1.08,0.9154760736604957
bew_h,high,1.09,0.9174207062790751
bew_h,high,1.1,0.9193245416155423
bew_h,high,1.11,0.9211882553224607
bew_h,high,1.12,0.9230125202097837
bew_h,high,1.1300000000000001,0.9247980058141708
bew_h,high,1.1400000000000001,0.9265453779922416
bew_h,high,1.1500000000000001,0.9282552985371533
bew_h,high,1.1600000000000001,0.9299284248178761
bew_h,high,1.1700000000000002,0.9315654094405329
bew_h,high,1.1800000000000002,0.9331668999311569
bew_h,high,1.1900000000000002,0.934733538439216
bew_h,high,1.2000000000000002,0.9362659614612512
bew_h,high,1.21,0.9377647995839707
bew_h,high,1.22,0.9392306772461438
bew_h,high,1.23,0.94066421251864
bew_h,high,1.24,0.9420660169019603
bew_h,high,1.25,0.9434366951406177
bew_h,high,1.26,0.94477684505372
bew_h,high,1.27,0.9460870573811293
bew_h,high,1.28,0.9473679156445667
bew_h,high,1.29,0.9486199960230506
bew_h,high,1.3,0.9498438672420645
bew_h,high,1.31,0.9510400904758556
bew_h,high,1.32,0.9522092192622883
bew_h,high,1.33,0.953351799429679
bew_h,high,1.34,0.9544683690350564
bew_h,high,1.35,0.9555594583133054
bew_h,high,1.36,0.9566255896366626
bew_h,high,1.37,0.95766727748405
bew_h,high,1.3800000000000001,0.9586850284197457
bew_h,high,1.3900000000000001,0.9596793410809015
bew_h,high,1.4000000000000001,0.9606507061734412
bew_h,high,1.4100000000000001,0.961599606475874
bew_h,high,1.4200000000000002,0.9625265168505877
bew_h,high,1.4300000000000002,0.9634319042621874
bew_h,high,1.4400000000000002,0.9643162278024701
bew_h,high,1.4500000000000002,0.9651799387216312
bew_h,high,1.46,0.9660234804653224
bew_h,high,1.47,0.9668472887171866
bew_h,high,1.48,0.9676517914465135
bew_h,high,1.49,0.9684374089606739
bew_h,high,1.5,0.969204553962002
bew_h,low,0.05,0.5042590249113209
bew_h,low,0.060000000000000005,0.5114053921635051
bew_h,low,0.07,0.5185471001908604
bew_h,low,0.08,0.5256812380142118
bew_h,low,0.09,0.532804907001548
bew_h,low,0.1,0.5399152255633781
bew_h,low,0.11,0.5470093337892452
bew_h,low,0.12000000000000001,0.5540843980096373
bew_h,low,0.13,0.5611376152679831
bew_h,low,0.14,0.5681662176879425
bew_h,low,0.15000000000000002,0.5751674767218117
bew_h,low,0.16,0.582138707266551
bew_h,low,0.16999999999999998,0.589077271634699
bew_h,low,0.18,0.5959805833682595
bew_h,low,0.19,0.6028461108845301
bew_h,low,0.2,0.609671380943767
bew_h,low,0.21000000000000002,0.6164539819295589
bew_h,low,0.22000000000000003,0.6231915669337843
bew_h,low,0.22999999999999998,0.6298818566390665
bew_h,low,0.24,0.6365226419926868
bew_h,low,0.25,0.6431117866669834
bew_h,low,0.26,0.6496472293023278
bew_h,low,0.27,0.6561269855298265
bew_h,low,0.28,0.6625491497719505
bew_h,low,0.29,0.6689118968203147
bew_h,low,0.3,0.6752134831908363
bew_h,low,0.31,0.6814522482574666
bew_h,low,0.32,0.687626615166625
bew_h,low,0.33,0.693735091535347
bew_h,low,0.33999999999999997,0.6997762699370017
bew_h,low,0.35,0.705748828179221
bew_h,low,0.36,0.711651529379414
bew_h,low,0.37,0.7174832218439202
bew_h,low,0.38,0.7232428387574651
bew_h,low,0.39,0.7289293976901401
bew_h,low,0.4,0.734541999929621
bew_h,low,0.41,0.7400798296467634
bew_h,low,0.42,0.7455421529030887
bew_h,low,0.43,0.7509283165089716
bew_h,low,0.44,0.7562377467415907
bew_h,low,0.45,0.7614699479318855
bew_h,low,0.46,0.7666245009298924
bew_h,low,0.47,0.7717010614579056
bew_h,low,0.48,0.7766993583609316
bew_h,low,0.49,0.7816191917638721
bew_h,low,0.5,0.786460431144803
bew_h,low,0.51,0.7912230133335899
bew_h,low,0.52,0.7959069404449288
bew_h,low,0.53,0.8005122777547024
bew_h,low,0.54,0.8050391515283143
bew_h,low,0.55,0.8094877468094069
bew_h,low,0.56,0.8138583051770828
bew_h,low,0.5700000000000001,0.8181511224794424
bew_h,low,0.5800000000000001,0.822366546550928
bew_h,low,0.5900000000000001,0.8265049749206147
bew_h,low,0.6000000000000001,0.8305668525182396
bew_h,low,0.6100000000000001,0.83455266938439
bew_h,low,0.6200000000000001,0.8384629583909001
bew_h,low,0.63,0.842298292977128
bew_h,low,0.64,0.8460592849074027
bew_h,low,0.65,0.8497465820545524
bew_h,low,0.66,0.8533608662140483
bew_h,low,0.67,0.8569028509529218
bew_h,low,0.68,0.8603732794972512
bew_h,low,0.6900000000000001,0.863772922661647
bew_h,low,0.7000000000000001,0.8671025768238204
bew_h,low,0.7100000000000001,0.8703630619469792
bew_h,low,0.7200000000000001,0.873555219652458
bew_h,low,0.7300000000000001,0.8766799113446879
bew_h,low,0.7400000000000001,0.8797380163902908
bew_h,low,0.7500000000000001,0.882730430352807
bew_h,low,0.76,0.8856580632842787
bew_h,low,0.77,0.8885218380746592
bew_h,low,0.78,0.8913226888597634
bew_h,low,0.79,0.8940615594882445
bew_h,low,0.8,0.896739402047872
bew_h,low,0.81,0.8993571754511698
bew_h,low,0.8200000000000001,0.9019158440802982
bew_h,low,0.8300000000000001,0.9044163764908791
bew_h,low,0.8400000000000001,0.9068597441743126
bew_h,low,0.8500000000000001,0.9092469203779762
bew_h,low,0.8600000000000001,0.9115788789825794
bew_h,low,0.8700000000000001,0.9138565934358053
bew_h,low,0.8800000000000001,0.9160810357412866
bew_h,low,0.89,0.9182531755018429
bew_h,low,0.9,0.9203739790158417
bew_h,low,0.91,0.9224444084254532
bew_h,low,0.92,0.9244654209155194
bew_h,low,0.93,0.9264379679616905
bew_h,low,0.9400000000000001,0.9283629946264448
bew_h,low,0.9500000000000001,0.9302414389015646
bew_h,low,0.9600000000000001,0.9320742310956148
bew_h,low,0.9700000000000001,0.9338622932649451
bew_h,low,0.9800000000000001,0.9356065386867272
bew_h,low,0.9900000000000001,0.9373078713725194
bew_h,low,1.0,0.938967185620858
bew_h,low,1.01,0.9405853656073709
bew_h,low,1.02,0.9421632850109153
bew_h,low,1.03,0.9437018066742565
bew_h,low,1.04,0.945201782297818
bew_h,low,1.05,0.9466640521650481
bew_h,low,1.06,0.9480894448979785
bew_h,low,1.07,0.9494787772415687
bew_h,low,1.08,0.9508328538754575
bew_h,low,1.09,0.9521524672517769
bew_h,low,1.1,0.9534383974577113
bew_h,low,1.11,0.9546914121015181
bew_h,low,1.12,0.9559122662207625
bew_h,low,1.1300000000000001,0.9571017022115533
bew_h,low,1.1400000000000001,0.9582604497775981
bew_h,low,1.1500000000000001,0.9593892258979447
bew_h,low,1.1600000000000001,0.9604887348123021
bew_h,low,1.1700000000000002,0.9615596680228726
bew_h,low,1.1800000000000002,0.9626027043116737
bew_h,low,1.1900000000000002,0.9636185097723569
bew_h,low,1.2000000000000002,0.9646077378555673
bew_h,low,1.21,0.9655710294269384
bew_h,low,1.22,0.9665090128368325
bew_h,low,1.23,0.9674223040009929
bew_h,low,1.24,0.9683115064913006
bew_h,low,1.25,0.9691772116358603
bew_h,low,1.26,0.9700199986276858
bew_h,low,1.27,0.9708404346412779
bew_h,low,1.28,0.9716390749564258
bew_h,low,1.29,0.9724164630885981
bew_h,low,1.3,0.973173130925312
bew_h,low,1.31,0.97390959886791
bew_h,low,1.32,0.9746263759781947
bew_h,low,1.33,0.975323960129405
bew_h,low,1.34,0.9760028381610449
bew_h,low,1.35,0.976663486037099
bew_h,low,1.36,0.9773063690071998
bew_h,low,1.37,0.9779319417703332
bew_h,low,1.3800000000000001,0.9785406486406912
bew_h,low,1.3900000000000001,0.9791329237153096
bew_h,low,1.4000000000000001,0.9797091910431432
bew_h,low,1.4100000000000001,0.9802698647952586
bew_h,low,1.4200000000000002,0.9808153494358405
bew_h,low,1.4300000000000002,0.9813460398937283
bew_h,low,1.4400000000000002,0.9818623217342188
bew_h,low,1.4500000000000002,0.9823645713308903
bew_h,low,1.46,0.9828531560372123
bew_h,low,1.47,0.9833284343577358
bew_h,low,1.48,0.9837907561186557
bew_h,low,1.49,0.9842404626375717
bew_h,low,1.5,0.9846778868922677
