speed,iso,dist,C_M,L_90,mtf_h,mtf_v,bew_h,bew_v,sigma_motion,blur_err_pct,min_crack_mm,identifiable,identifiable_bin,mdw_mm,D_Y,uniformity_pct,D_L,Y_mean,Y_std
60,100,2.5,0.38,138.0,0.1144575757575757,0.14191875,4.631818181818182,4.0065625,2.324047461437747,16.401170451879604,0.4,Y,1,0.4,86.36,13.64,35.02,90.12,45.06
60,100,3.5,0.3333,98.0,0.12078125,0.151705,4.28625,3.8075,1.9684722026231405,29.191647387656825,0.6,Y,1,0.6,85.79,14.21,25.72,74.97,38.65
60,100,4.5,0.3274,75.0,0.1128692307692307,0.13725625,4.564615384615385,4.10125,2.003861783399109,27.91864088492414,0.1,Y,1,0.1,86.07,13.93,20.89,60.96,35.65
60,100,5.5,0.3261,61.0,,,,,,,0.1,Y,1,0.1,86.24,13.76,22.94,53.0,34.69
60,100,6.5,0.3611,49.0,,,,,,,,N,0,,85.1,14.9,24.83,46.97,31.4
60,1600,2.5,0.018,255.0,0.14736,0.1550444444444444,4.502666666666667,4.717222222222222,,,,N,0,,52.67,47.33,7.05,163.01,20.39
60,1600,3.5,0.0737,255.0,0.1502466666666666,0.189105,3.642,3.4585,1.141464738833401,58.94011730815104,0.7,Y,1,0.7,55.51,44.49,11.36,167.83,22.17
60,1600,4.5,0.1806,255.0,0.1051529411764705,0.1271941176470588,4.924705882352941,4.351764705882353,2.3054006099414357,17.071920505703748,0.1,Y,1,0.1,54.47,45.53,14.41,170.92,26.2
60,1600,5.5,0.2544,249.0,,,,,,,0.1,Y,1,0.1,55.94,44.06,11.1,166.86,27.04
60,1600,6.5,0.2597,211.0,,,,,,,0.1,Y,1,0.1,60.44,39.56,8.88,158.18,25.64
60,200,2.5,0.3643,191.0,0.12836,0.1523499999999999,3.9153333333333338,3.785625,0.9994390779262704,64.04895403142912,0.1,Y,1,0.1,87.33,12.67,28.51,118.38,45.26
60,200,3.5,0.3116,141.0,0.1191823529411764,0.1520409090909091,4.335294117647059,3.837727272727273,2.016587331773777,27.460887346267015,0.3,Y,1,0.3,84.34,15.66,24.15,106.88,36.79
60,200,4.5,0.2899,109.0,0.1057611111111111,0.1300944444444444,4.918333333333333,4.323333333333334,2.344950248228447,15.649271646458734,0.1,Y,1,0.1,84.35,15.65,30.25,93.83,36.05
60,200,5.5,0.2993,89.0,,,,,,,0.7,Y,1,0.7,84.89,15.11,28.64,79.99,36.12
60,200,6.5,0.3153,73.0,,,,,,,,N,0,,85.08,14.92,27.97,70.19,35.54
60,400,2.5,0.3646,189.0,0.0974416666666666,0.0924722222222222,5.2825,5.7811111111111115,,,0.1,Y,1,0.1,79.91,20.09,11.91,151.78,36.65
60,400,3.5,0.3081,138.0,0.103,0.1448461538461538,5.010909090909091,4.2092307692307696,2.7187471836705073,2.203338716888221,0.4,Y,1,0.4,75.87,24.13,12.99,145.49,31.04
60,400,4.5,0.2749,160.0,,,,,,,0.1,Y,1,0.1,76.28,23.72,13.34,128.48,28.72
60,400,5.5,0.2745,130.0,,,,,,,0.7,Y,1,0.7,75.97,24.03,15.67,118.11,31.16
60,400,6.5,0.2883,105.0,,,,,,,0.1,Y,1,0.1,73.86,26.14,11.64,107.37,27.53
60,800,2.5,0.1833,255.0,0.13418125,0.1679375,4.075,3.61875,1.8735723731684348,32.605310317682196,0.1,Y,1,0.1,72.72,27.28,10.08,157.23,29.79
60,800,3.5,0.2379,255.0,0.1203928571428571,0.1501166666666666,4.319285714285714,3.9522222222222223,1.7424604982051926,37.32156481276285,0.2,Y,1,0.2,63.17,36.83,16.15,161.59,29.92
60,800,4.5,0.269,217.0,0.1073888888888889,0.1282888888888889,4.881666666666667,4.322222222222222,2.2691550203044404,18.37571869408487,0.1,Y,1,0.1,62.54,37.46,9.14,151.27,28.86
60,800,5.5,0.2632,180.0,,,,,,,0.1,Y,1,0.1,62.77,37.23,9.03,141.89,26.82
60,800,6.5,0.2759,148.0,,,,,,,0.1,Y,1,0.1,62.83,37.17,7.21,137.54,23.53
80,100,2.5,0.3878,136.0,0.1064125,0.1458375,4.70375,3.958125,2.541359979789366,31.31459514082795,0.5,Y,1,0.5,86.01,13.99,32.79,91.31,44.53
80,100,3.5,0.3247,102.0,0.109425,0.14886875,4.590833333333333,3.953125,2.334213663917561,36.9131442184443,0.1,Y,1,0.1,85.36,14.64,29.94,78.34,38.83
80,100,4.5,0.3274,75.0,0.100375,0.1334,5.081875,4.235,2.8089550576014912,24.08229574050024,0.1,Y,1,0.1,85.49,14.51,23.1,61.1,35.6
80,100,5.5,0.3261,61.0,,,,,,,0.1,Y,1,0.1,85.66,14.34,21.77,53.31,34.8
80,100,6.5,0.3623,47.0,,,,,,,,N,0,,85.42,14.58,22.95,45.72,29.94
80,1600,2.5,0.0079,255.0,0.1425047619047619,0.1568409090909091,4.957619047619048,4.631818181818182,1.7675539459642262,52.2282717306966,,N,0,,52.63,47.37,15.01,163.92,20.82
80,1600,3.5,0.0625,255.0,0.12503125,0.18022,4.490625,3.673,2.5835603129451026,30.174045596078315,0.1,Y,1,0.1,48.77,51.23,11.66,168.32,21.56
80,1600,4.5,0.1972,255.0,0.0953466666666666,0.1220199999999999,5.352,4.5355,2.8413278145965495,23.207356362255425,0.2,Y,1,0.2,60.49,39.51,9.33,171.36,25.86
80,1600,5.5,0.2494,253.0,,,,,,,0.3,Y,1,0.3,54.56,45.44,13.71,170.29,27.17
80,1600,6.5,0.2586,219.0,,,,,,,0.1,Y,1,0.1,60.36,39.64,10.46,160.34,25.38
80,200,2.5,0.3566,194.0,0.10625,0.140875,4.776875,4.154375,2.357902272147852,36.27291156357157,0.1,Y,1,0.1,87.07,12.93,25.98,121.15,43.98
80,200,3.5,0.318,143.0,0.1048923076923076,0.14619375,4.8076923076923075,4.045,2.598438054956051,29.77194446064727,0.3,Y,1,0.3,84.31,15.69,19.33,108.51,35.93
80,200,4.5,0.2899,109.0,0.0950533333333333,0.1270133333333333,5.322,4.3806666666666665,3.022158757503576,18.320033580984436,0.4,Y,1,0.4,84.25,15.75,29.74,93.35,36.76
80,200,5.5,0.295,90.0,,,,,,,0.4,Y,1,0.4,84.8,15.2,29.15,82.01,36.17
80,200,6.5,0.3158,75.0,,,,,,,,N,0,,85.18,14.82,33.9,69.96,34.75
80,400,2.5,0.3546,191.0,0.0940214285714285,0.1038111111111111,5.653571428571429,5.198888888888889,2.2213563917000902,39.96334076486242,0.4,Y,1,0.4,84.01,15.99,7.24,150.33,37.73
80,400,3.5,0.2995,141.0,0.0994181818181818,0.1456818181818182,5.017272727272727,4.053636363636364,2.956528006165283,20.093837671208572,0.5,Y,1,0.5,76.99,23.01,12.31,141.15,31.11
80,400,4.5,0.2735,156.0,,,,,,,0.1,Y,1,0.1,76.47,23.53,13.35,127.61,30.35
80,400,5.5,0.2727,133.0,,,,,,,0.7,Y,1,0.7,77.1,22.9,16.01,120.0,32.17
80,400,6.5,0.2883,105.0,,,,,,,0.1,Y,1,0.1,74.56,25.44,15.25,108.96,28.74
80,800,2.5,0.1778,255.0,0.1183944444444444,0.1638333333333333,4.558888888888889,3.7266666666666666,2.6259138327047458,29.029355872844715,0.1,Y,1,0.1,73.13,26.87,14.7,156.83,29.99
80,800,3.5,0.25,255.0,0.104,0.1421105263157894,4.819999999999999,4.061578947368421,2.5953759755175403,29.854703364390804,0.5,Y,1,0.5,64.08,35.92,13.02,161.42,30.07
80,800,4.5,0.2706,216.0,0.0980214285714285,0.1264722222222222,5.167857142857143,4.3533333333333335,2.7848224966536876,24.734527117467906,0.3,Y,1,0.3,62.47,37.53,7.28,151.42,28.43
80,800,5.5,0.2575,188.0,,,,,,,0.1,Y,1,0.1,64.32,35.68,8.59,143.35,27.2
80,800,6.5,0.2667,152.0,,,,,,,0.1,Y,1,0.1,64.19,35.81,7.15,138.05,23.18
