condition,frame,speed_kmh,distance_m,iso,gt_width_mm,crack_px,max_comp_len,detected
crack_d25_ISO100_V60,frame_000037.png,60,2.5,100,0.3,19958,1140.9,1
crack_d25_ISO100_V60,frame_000038.png,60,2.5,100,0.3,19240,927.8,1
crack_d25_ISO100_V60,frame_000039.png,60,2.5,100,0.3,5761,111.0,1
crack_d25_ISO100_V60,frame_000040.png,60,2.5,100,0.3,0,0.0,0
crack_d25_ISO100_V60,frame_000041.png,60,2.5,100,0.3,4527,280.4,1
crack_d25_ISO100_V60,frame_000042.png,60,2.5,100,0.3,18873,1045.5,1
crack_d25_ISO100_V60,frame_000043.png,60,2.5,100,0.3,42268,1622.2,1
crack_d25_ISO100_V60,frame_000044.png,60,2.5,100,0.3,44812,2378.8,1
crack_d25_ISO100_V60,frame_000045.png,60,2.5,100,0.3,35064,1505.6,1
crack_d25_ISO100_V60,frame_000046.png,60,2.5,100,0.3,18967,340.7,1
crack_d25_ISO100_V60,frame_000047.png,60,2.5,100,0.3,6419,482.6,1
crack_d25_ISO200_V60,frame_000033.png,60,2.5,200,0.3,7392,411.9,1
crack_d25_ISO200_V60,frame_000034.png,60,2.5,200,0.3,16761,1206.3,1
crack_d25_ISO200_V60,frame_000035.png,60,2.5,200,0.3,24971,817.9,1
crack_d25_ISO200_V60,frame_000036.png,60,2.5,200,0.3,27780,1075.9,1
crack_d25_ISO200_V60,frame_000037.png,60,2.5,200,0.3,24108,1079.7,1
crack_d25_ISO200_V60,frame_000038.png,60,2.5,200,0.3,10823,403.2,1
crack_d25_ISO200_V60,frame_000039.png,60,2.5,200,0.3,6553,582.8,1
crack_d25_ISO200_V60,frame_000040.png,60,2.5,200,0.3,30972,1058.2,1
crack_d25_ISO200_V60,frame_000041.png,60,2.5,200,0.3,51114,2678.3,1
crack_d25_ISO200_V60,frame_000042.png,60,2.5,200,0.3,55071,2542.7,1
crack_d25_ISO200_V60,frame_000043.png,60,2.5,200,0.3,58234,2878.5,1
crack_d25_ISO200_V60,frame_000044.png,60,2.5,200,0.3,48040,2567.9,1
crack_d25_ISO200_V60,frame_000045.png,60,2.5,200,0.3,36819,572.1,1
crack_d25_ISO200_V60,frame_000046.png,60,2.5,200,0.3,8299,143.4,1
crack_d25_ISO200_V60,frame_000047.png,60,2.5,200,0.3,2535,161.3,1
crack_d25_ISO200_V60,frame_000048.png,60,2.5,200,0.3,0,0.0,0
crack_d25_ISO400_V60,frame_000027.png,60,2.5,400,0.3,1624,94.2,1
crack_d25_ISO400_V60,frame_000028.png,60,2.5,400,0.3,750,83.2,1
crack_d25_ISO400_V60,frame_000029.png,60,2.5,400,0.3,2385,114.3,1
crack_d25_ISO400_V60,frame_000030.png,60,2.5,400,0.3,6765,122.4,1
crack_d25_ISO400_V60,frame_000031.png,60,2.5,400,0.3,18745,452.7,1
crack_d25_ISO400_V60,frame_000032.png,60,2.5,400,0.3,11765,247.7,1
crack_d25_ISO400_V60,frame_000033.png,60,2.5,400,0.3,6362,597.7,1
crack_d25_ISO400_V60,frame_000034.png,60,2.5,400,0.3,3916,81.0,1
crack_d25_ISO400_V60,frame_000035.png,60,2.5,400,0.3,11295,447.9,1
crack_d25_ISO400_V60,frame_000036.png,60,2.5,400,0.3,17657,429.7,1
crack_d25_ISO400_V60,frame_000037.png,60,2.5,400,0.3,25226,1074.6,1
crack_d25_ISO400_V60,frame_000038.png,60,2.5,400,0.3,13423,612.2,1
crack_d25_ISO400_V60,frame_000039.png,60,2.5,400,0.3,1387,54.4,1
crack_d25_ISO400_V60,frame_000040.png,60,2.5,400,0.3,976,51.0,1
crack_d25_ISO400_V60,frame_000041.png,60,2.5,400,0.3,0,0.0,0
crack_d25_ISO800_V60,frame_000033.png,60,2.5,800,0.3,7852,187.0,1
crack_d25_ISO800_V60,frame_000034.png,60,2.5,800,0.3,8480,206.9,1
crack_d25_ISO800_V60,frame_000035.png,60,2.5,800,0.3,7384,145.6,1
crack_d25_ISO800_V60,frame_000036.png,60,2.5,800,0.3,11983,325.2,1
crack_d25_ISO800_V60,frame_000037.png,60,2.5,800,0.3,15443,812.4,1
crack_d25_ISO800_V60,frame_000038.png,60,2.5,800,0.3,27854,1502.0,1
crack_d25_ISO800_V60,frame_000039.png,60,2.5,800,0.3,23472,343.6,1
crack_d25_ISO800_V60,frame_000040.png,60,2.5,800,0.3,17402,360.5,1
crack_d25_ISO800_V60,frame_000041.png,60,2.5,800,0.3,18598,732.6,1
crack_d25_ISO800_V60,frame_000042.png,60,2.5,800,0.3,16864,745.5,1
crack_d25_ISO800_V60,frame_000043.png,60,2.5,800,0.3,4418,246.4,1
crack_d25_ISO800_V60,frame_000044.png,60,2.5,800,0.3,0,0.0,0
crack_d25_ISO800_V60,frame_000045.png,60,2.5,800,0.3,0,0.0,0
crack_d25_ISO800_V60,frame_000046.png,60,2.5,800,0.3,0,0.0,0
crack_d25_ISO1600_V60,frame_000016.png,60,2.5,1600,0.3,370,53.1,1
crack_d25_ISO1600_V60,frame_000017.png,60,2.5,1600,0.3,0,0.0,0
crack_d25_ISO1600_V60,frame_000018.png,60,2.5,1600,0.3,0,0.0,0
crack_d25_ISO1600_V60,frame_000019.png,60,2.5,1600,0.3,153,31.4,1
crack_d25_ISO1600_V60,frame_000020.png,60,2.5,1600,0.3,2997,88.5,1
crack_d25_ISO1600_V60,frame_000021.png,60,2.5,1600,0.3,6241,357.5,1
crack_d25_ISO1600_V60,frame_000022.png,60,2.5,1600,0.3,2353,54.6,1
crack_d25_ISO1600_V60,frame_000023.png,60,2.5,1600,0.3,27,9.4,0
crack_d25_ISO1600_V60,frame_000024.png,60,2.5,1600,0.3,0,0.0,0
crack_d25_ISO1600_V60,frame_000025.png,60,2.5,1600,0.3,973,37.9,1
crack_d25_ISO1600_V60,frame_000026.png,60,2.5,1600,0.3,2932,91.2,1
crack_d25_ISO1600_V60,frame_000027.png,60,2.5,1600,0.3,13,5.0,0
crack_d25_ISO1600_V60,frame_000028.png,60,2.5,1600,0.3,0,0.0,0
crack_d25_ISO1600_V60,frame_000029.png,60,2.5,1600,0.3,0,0.0,0
crack_d35_ISO100_V60,frame_000023.png,60,3.5,100,0.3,0,0.0,0
crack_d35_ISO100_V60,frame_000024.png,60,3.5,100,0.3,0,0.0,0
crack_d35_ISO100_V60,frame_000025.png,60,3.5,100,0.3,0,0.0,0
crack_d35_ISO100_V60,frame_000026.png,60,3.5,100,0.3,15055,647.3,1
crack_d35_ISO100_V60,frame_000027.png,60,3.5,100,0.3,21478,630.4,1
crack_d35_ISO100_V60,frame_000028.png,60,3.5,100,0.3,23408,767.7,1
crack_d35_ISO100_V60,frame_000029.png,60,3.5,100,0.3,13903,574.8,1
crack_d35_ISO100_V60,frame_000030.png,60,3.5,100,0.3,5381,105.1,1
crack_d35_ISO100_V60,frame_000031.png,60,3.5,100,0.3,8342,492.0,1
crack_d35_ISO100_V60,frame_000032.png,60,3.5,100,0.3,21942,707.5,1
crack_d35_ISO100_V60,frame_000033.png,60,3.5,100,0.3,31076,815.5,1
crack_d35_ISO100_V60,frame_000034.png,60,3.5,100,0.3,30897,1146.8,1
crack_d35_ISO100_V60,frame_000035.png,60,3.5,100,0.3,22949,644.0,1
crack_d35_ISO100_V60,frame_000036.png,60,3.5,100,0.3,8643,296.7,1
crack_d35_ISO100_V60,frame_000037.png,60,3.5,100,0.3,64,16.2,0
crack_d35_ISO100_V60,frame_000038.png,60,3.5,100,0.3,0,0.0,0
crack_d35_ISO200_V60,frame_000037.png,60,3.5,200,0.3,0,0.0,0
crack_d35_ISO200_V60,frame_000038.png,60,3.5,200,0.3,0,0.0,0
crack_d35_ISO200_V60,frame_000039.png,60,3.5,200,0.3,1989,190.0,1
crack_d35_ISO200_V60,frame_000040.png,60,3.5,200,0.3,9774,375.4,1
crack_d35_ISO200_V60,frame_000041.png,60,3.5,200,0.3,18387,591.4,1
crack_d35_ISO200_V60,frame_000042.png,60,3.5,200,0.3,25814,624.0,1
crack_d35_ISO200_V60,frame_000043.png,60,3.5,200,0.3,23170,879.4,1
crack_d35_ISO200_V60,frame_000044.png,60,3.5,200,0.3,10691,241.0,1
crack_d35_ISO200_V60,frame_000045.png,60,3.5,200,0.3,4276,117.3,1
crack_d35_ISO200_V60,frame_000046.png,60,3.5,200,0.3,17825,824.6,1
crack_d35_ISO200_V60,frame_000047.png,60,3.5,200,0.3,38087,1402.1,1
crack_d35_ISO200_V60,frame_000048.png,60,3.5,200,0.3,50959,1813.8,1
crack_d35_ISO200_V60,frame_000049.png,60,3.5,200,0.3,44118,1247.6,1
crack_d35_ISO200_V60,frame_000050.png,60,3.5,200,0.3,26598,735.4,1
crack_d35_ISO200_V60,frame_000051.png,60,3.5,200,0.3,9278,403.3,1
crack_d35_ISO200_V60,frame_000052.png,60,3.5,200,0.3,993,41.8,1
crack_d35_ISO200_V60,frame_000053.png,60,3.5,200,0.3,79,12.5,0
crack_d35_ISO400_V60,frame_000033.png,60,3.5,400,0.3,0,0.0,0
crack_d35_ISO400_V60,frame_000034.png,60,3.5,400,0.3,90,15.3,0
crack_d35_ISO400_V60,frame_000035.png,60,3.5,400,0.3,10966,411.2,1
crack_d35_ISO400_V60,frame_000036.png,60,3.5,400,0.3,19891,573.3,1
crack_d35_ISO400_V60,frame_000037.png,60,3.5,400,0.3,22171,507.7,1
crack_d35_ISO400_V60,frame_000038.png,60,3.5,400,0.3,26584,1581.6,1
crack_d35_ISO400_V60,frame_000039.png,60,3.5,400,0.3,22757,457.1,1
crack_d35_ISO400_V60,frame_000040.png,60,3.5,400,0.3,8291,615.2,1
crack_d35_ISO400_V60,frame_000041.png,60,3.5,400,0.3,22887,1127.3,1
crack_d35_ISO400_V60,frame_000042.png,60,3.5,400,0.3,41681,1211.2,1
crack_d35_ISO400_V60,frame_000043.png,60,3.5,400,0.3,52670,1928.7,1
crack_d35_ISO400_V60,frame_000044.png,60,3.5,400,0.3,45895,1221.8,1
crack_d35_ISO400_V60,frame_000045.png,60,3.5,400,0.3,29552,638.0,1
crack_d35_ISO400_V60,frame_000046.png,60,3.5,400,0.3,4587,279.4,1
crack_d35_ISO400_V60,frame_000047.png,60,3.5,400,0.3,136,19.3,0
crack_d35_ISO800_V60,frame_000037.png,60,3.5,800,0.3,7851,299.0,1
crack_d35_ISO800_V60,frame_000038.png,60,3.5,800,0.3,11457,225.0,1
crack_d35_ISO800_V60,frame_000039.png,60,3.5,800,0.3,14369,220.5,1
crack_d35_ISO800_V60,frame_000040.png,60,3.5,800,0.3,17858,468.9,1
crack_d35_ISO800_V60,frame_000041.png,60,3.5,800,0.3,20639,322.4,1
crack_d35_ISO800_V60,frame_000042.png,60,3.5,800,0.3,20862,621.2,1
crack_d35_ISO800_V60,frame_000043.png,60,3.5,800,0.3,16359,814.8,1
crack_d35_ISO800_V60,frame_000044.png,60,3.5,800,0.3,26739,1082.4,1
crack_d35_ISO800_V60,frame_000045.png,60,3.5,800,0.3,28916,780.0,1
crack_d35_ISO800_V60,frame_000046.png,60,3.5,800,0.3,32232,848.1,1
crack_d35_ISO800_V60,frame_000047.png,60,3.5,800,0.3,31184,885.6,1
crack_d35_ISO800_V60,frame_000048.png,60,3.5,800,0.3,21815,751.4,1
crack_d35_ISO800_V60,frame_000049.png,60,3.5,800,0.3,6062,460.0,1
crack_d35_ISO800_V60,frame_000050.png,60,3.5,800,0.3,66,11.7,0
crack_d35_ISO1600_V60,frame_000025.png,60,3.5,1600,0.3,0,0.0,0
crack_d35_ISO1600_V60,frame_000026.png,60,3.5,1600,0.3,0,0.0,0
crack_d35_ISO1600_V60,frame_000027.png,60,3.5,1600,0.3,1495,91.9,1
crack_d35_ISO1600_V60,frame_000028.png,60,3.5,1600,0.3,1762,87.2,1
crack_d35_ISO1600_V60,frame_000029.png,60,3.5,1600,0.3,1638,77.0,1
crack_d35_ISO1600_V60,frame_000030.png,60,3.5,1600,0.3,5185,106.8,1
crack_d35_ISO1600_V60,frame_000031.png,60,3.5,1600,0.3,3735,76.9,1
crack_d35_ISO1600_V60,frame_000032.png,60,3.5,1600,0.3,2299,55.6,1
crack_d35_ISO1600_V60,frame_000033.png,60,3.5,1600,0.3,6185,379.5,1
crack_d35_ISO1600_V60,frame_000034.png,60,3.5,1600,0.3,5751,330.1,1
crack_d35_ISO1600_V60,frame_000035.png,60,3.5,1600,0.3,6473,265.7,1
crack_d35_ISO1600_V60,frame_000036.png,60,3.5,1600,0.3,1473,47.5,1
crack_d35_ISO1600_V60,frame_000037.png,60,3.5,1600,0.3,4384,60.6,1
crack_d35_ISO1600_V60,frame_000038.png,60,3.5,1600,0.3,4906,119.5,1
crack_d35_ISO1600_V60,frame_000039.png,60,3.5,1600,0.3,284,25.2,1
crack_d35_ISO1600_V60,frame_000040.png,60,3.5,1600,0.3,0,0.0,0
crack_d45_ISO100_V60,frame_000032.png,60,4.5,100,0.3,0,0.0,0
crack_d45_ISO100_V60,frame_000033.png,60,4.5,100,0.3,558,47.8,1
crack_d45_ISO100_V60,frame_000034.png,60,4.5,100,0.3,2152,95.2,1
crack_d45_ISO100_V60,frame_000035.png,60,4.5,100,0.3,2167,69.8,1
crack_d45_ISO100_V60,frame_000036.png,60,4.5,100,0.3,2667,104.8,1
crack_d45_ISO100_V60,frame_000037.png,60,4.5,100,0.3,878,37.2,1
crack_d45_ISO100_V60,frame_000038.png,60,4.5,100,0.3,0,0.0,0
crack_d45_ISO100_V60,frame_000039.png,60,4.5,100,0.3,392,19.1,1
crack_d45_ISO100_V60,frame_000040.png,60,4.5,100,0.3,4249,130.4,1
crack_d45_ISO100_V60,frame_000041.png,60,4.5,100,0.3,7046,232.1,1
crack_d45_ISO100_V60,frame_000042.png,60,4.5,100,0.3,6841,250.5,1
crack_d45_ISO100_V60,frame_000043.png,60,4.5,100,0.3,6857,287.2,1
crack_d45_ISO100_V60,frame_000044.png,60,4.5,100,0.3,49,8.6,0
crack_d45_ISO100_V60,frame_000045.png,60,4.5,100,0.3,0,0.0,0
crack_d45_ISO100_V60,frame_000046.png,60,4.5,100,0.3,0,0.0,0
crack_d45_ISO100_V60,frame_000047.png,60,4.5,100,0.3,0,0.0,0
crack_d45_ISO200_V60,frame_000038.png,60,4.5,200,0.3,0,0.0,0
crack_d45_ISO200_V60,frame_000039.png,60,4.5,200,0.3,0,0.0,0
crack_d45_ISO200_V60,frame_000040.png,60,4.5,200,0.3,1031,31.9,1
crack_d45_ISO200_V60,frame_000041.png,60,4.5,200,0.3,2706,51.1,1
crack_d45_ISO200_V60,frame_000042.png,60,4.5,200,0.3,7138,205.9,1
crack_d45_ISO200_V60,frame_000043.png,60,4.5,200,0.3,8082,232.9,1
crack_d45_ISO200_V60,frame_000044.png,60,4.5,200,0.3,7057,119.0,1
crack_d45_ISO200_V60,frame_000045.png,60,4.5,200,0.3,4332,98.4,1
crack_d45_ISO200_V60,frame_000046.png,60,4.5,200,0.3,3386,119.1,1
crack_d45_ISO200_V60,frame_000047.png,60,4.5,200,0.3,6763,196.1,1
crack_d45_ISO200_V60,frame_000048.png,60,4.5,200,0.3,16976,565.1,1
crack_d45_ISO200_V60,frame_000049.png,60,4.5,200,0.3,22779,769.4,1
crack_d45_ISO200_V60,frame_000050.png,60,4.5,200,0.3,21222,702.7,1
crack_d45_ISO200_V60,frame_000051.png,60,4.5,200,0.3,15482,719.3,1
crack_d45_ISO200_V60,frame_000052.png,60,4.5,200,0.3,2006,68.0,1
crack_d45_ISO200_V60,frame_000053.png,60,4.5,200,0.3,0,0.0,0
crack_d45_ISO200_V60,frame_000054.png,60,4.5,200,0.3,0,0.0,0
crack_d45_ISO400_V60,frame_000046.png,60,4.5,400,0.3,0,0.0,0
crack_d45_ISO400_V60,frame_000047.png,60,4.5,400,0.3,2831,159.2,1
crack_d45_ISO400_V60,frame_000048.png,60,4.5,400,0.3,10581,392.1,1
crack_d45_ISO400_V60,frame_000049.png,60,4.5,400,0.3,20091,764.3,1
crack_d45_ISO400_V60,frame_000050.png,60,4.5,400,0.3,26371,728.7,1
crack_d45_ISO400_V60,frame_000051.png,60,4.5,400,0.3,31112,673.8,1
crack_d45_ISO400_V60,frame_000052.png,60,4.5,400,0.3,25204,471.6,1
crack_d45_ISO400_V60,frame_000053.png,60,4.5,400,0.3,15404,357.5,1
crack_d45_ISO400_V60,frame_000054.png,60,4.5,400,0.3,15946,1045.3,1
crack_d45_ISO400_V60,frame_000055.png,60,4.5,400,0.3,25747,1192.9,1
crack_d45_ISO400_V60,frame_000056.png,60,4.5,400,0.3,42600,1244.9,1
crack_d45_ISO400_V60,frame_000057.png,60,4.5,400,0.3,44262,1233.9,1
crack_d45_ISO400_V60,frame_000058.png,60,4.5,400,0.3,38833,1358.3,1
crack_d45_ISO400_V60,frame_000059.png,60,4.5,400,0.3,26450,1179.6,1
crack_d45_ISO400_V60,frame_000060.png,60,4.5,400,0.3,3836,86.8,1
crack_d45_ISO400_V60,frame_000061.png,60,4.5,400,0.3,644,64.8,1
crack_d45_ISO800_V60,frame_000034.png,60,4.5,800,0.3,0,0.0,0
crack_d45_ISO800_V60,frame_000035.png,60,4.5,800,0.3,0,0.0,0
crack_d45_ISO800_V60,frame_000036.png,60,4.5,800,0.3,4289,123.4,1
crack_d45_ISO800_V60,frame_000037.png,60,4.5,800,0.3,10041,365.3,1
crack_d45_ISO800_V60,frame_000038.png,60,4.5,800,0.3,17257,430.8,1
crack_d45_ISO800_V60,frame_000039.png,60,4.5,800,0.3,20290,551.9,1
crack_d45_ISO800_V60,frame_000040.png,60,4.5,800,0.3,23636,491.4,1
crack_d45_ISO800_V60,frame_000041.png,60,4.5,800,0.3,24391,878.5,1
crack_d45_ISO800_V60,frame_000042.png,60,4.5,800,0.3,22232,511.2,1
crack_d45_ISO800_V60,frame_000043.png,60,4.5,800,0.3,23853,1205.4,1
crack_d45_ISO800_V60,frame_000044.png,60,4.5,800,0.3,35670,1185.5,1
crack_d45_ISO800_V60,frame_000045.png,60,4.5,800,0.3,48843,1428.8,1
crack_d45_ISO800_V60,frame_000046.png,60,4.5,800,0.3,41278,1515.3,1
crack_d45_ISO800_V60,frame_000047.png,60,4.5,800,0.3,40412,1215.0,1
crack_d45_ISO800_V60,frame_000048.png,60,4.5,800,0.3,33704,1348.4,1
crack_d45_ISO800_V60,frame_000049.png,60,4.5,800,0.3,7502,503.1,1
crack_d45_ISO800_V60,frame_000050.png,60,4.5,800,0.3,0,0.0,0
crack_d45_ISO1600_V60,frame_000034.png,60,4.5,1600,0.3,0,0.0,0
crack_d45_ISO1600_V60,frame_000035.png,60,4.5,1600,0.3,1031,114.6,1
crack_d45_ISO1600_V60,frame_000036.png,60,4.5,1600,0.3,631,36.7,1
crack_d45_ISO1600_V60,frame_000037.png,60,4.5,1600,0.3,117,23.9,0
crack_d45_ISO1600_V60,frame_000038.png,60,4.5,1600,0.3,1891,96.6,1
crack_d45_ISO1600_V60,frame_000039.png,60,4.5,1600,0.3,1306,104.1,1
crack_d45_ISO1600_V60,frame_000040.png,60,4.5,1600,0.3,1227,25.9,1
crack_d45_ISO1600_V60,frame_000041.png,60,4.5,1600,0.3,1600,48.9,1
crack_d45_ISO1600_V60,frame_000042.png,60,4.5,1600,0.3,5400,202.2,1
crack_d45_ISO1600_V60,frame_000043.png,60,4.5,1600,0.3,4830,177.2,1
crack_d45_ISO1600_V60,frame_000044.png,60,4.5,1600,0.3,7000,225.5,1
crack_d45_ISO1600_V60,frame_000045.png,60,4.5,1600,0.3,9386,200.1,1
crack_d45_ISO1600_V60,frame_000046.png,60,4.5,1600,0.3,5744,188.9,1
crack_d45_ISO1600_V60,frame_000047.png,60,4.5,1600,0.3,7130,440.1,1
crack_d55_ISO100_V60,frame_000024.png,60,5.5,100,0.3,0,0.0,0
crack_d55_ISO100_V60,frame_000025.png,60,5.5,100,0.3,0,0.0,0
crack_d55_ISO100_V60,frame_000026.png,60,5.5,100,0.3,0,0.0,0
crack_d55_ISO100_V60,frame_000027.png,60,5.5,100,0.3,0,0.0,0
crack_d55_ISO100_V60,frame_000028.png,60,5.5,100,0.3,0,0.0,0
crack_d55_ISO100_V60,frame_000029.png,60,5.5,100,0.3,0,0.0,0
crack_d55_ISO100_V60,frame_000030.png,60,5.5,100,0.3,140,22.0,0
crack_d55_ISO100_V60,frame_000031.png,60,5.5,100,0.3,31,7.2,0
crack_d55_ISO100_V60,frame_000032.png,60,5.5,100,0.3,0,0.0,0
crack_d55_ISO100_V60,frame_000033.png,60,5.5,100,0.3,0,0.0,0
crack_d55_ISO100_V60,frame_000034.png,60,5.5,100,0.3,0,0.0,0
crack_d55_ISO100_V60,frame_000035.png,60,5.5,100,0.3,0,0.0,0
crack_d55_ISO100_V60,frame_000036.png,60,5.5,100,0.3,130,17.0,0
crack_d55_ISO100_V60,frame_000037.png,60,5.5,100,0.3,0,0.0,0
crack_d55_ISO100_V60,frame_000038.png,60,5.5,100,0.3,48,11.3,0
crack_d55_ISO100_V60,frame_000039.png,60,5.5,100,0.3,0,0.0,0
crack_d55_ISO200_V60,frame_000024.png,60,5.5,200,0.3,0,0.0,0
crack_d55_ISO200_V60,frame_000025.png,60,5.5,200,0.3,0,0.0,0
crack_d55_ISO200_V60,frame_000026.png,60,5.5,200,0.3,168,13.4,1
crack_d55_ISO200_V60,frame_000027.png,60,5.5,200,0.3,1244,59.9,1
crack_d55_ISO200_V60,frame_000028.png,60,5.5,200,0.3,3641,163.7,1
crack_d55_ISO200_V60,frame_000029.png,60,5.5,200,0.3,5159,88.8,1
crack_d55_ISO200_V60,frame_000030.png,60,5.5,200,0.3,2932,58.6,1
crack_d55_ISO200_V60,frame_000031.png,60,5.5,200,0.3,75,13.4,0
crack_d55_ISO200_V60,frame_000032.png,60,5.5,200,0.3,447,22.8,1
crack_d55_ISO200_V60,frame_000033.png,60,5.5,200,0.3,5337,319.8,1
crack_d55_ISO200_V60,frame_000034.png,60,5.5,200,0.3,8140,591.3,1
crack_d55_ISO200_V60,frame_000035.png,60,5.5,200,0.3,7331,572.0,1
crack_d55_ISO200_V60,frame_000036.png,60,5.5,200,0.3,8307,438.5,1
crack_d55_ISO200_V60,frame_000037.png,60,5.5,200,0.3,2587,88.1,1
crack_d55_ISO200_V60,frame_000038.png,60,5.5,200,0.3,0,0.0,0
crack_d55_ISO200_V60,frame_000039.png,60,5.5,200,0.3,0,0.0,0
crack_d55_ISO400_V60,frame_000038.png,60,5.5,400,0.3,5,4.2,0
crack_d55_ISO400_V60,frame_000039.png,60,5.5,400,0.3,1188,45.2,1
crack_d55_ISO400_V60,frame_000040.png,60,5.5,400,0.3,7386,171.8,1
crack_d55_ISO400_V60,frame_000041.png,60,5.5,400,0.3,12613,270.8,1
crack_d55_ISO400_V60,frame_000042.png,60,5.5,400,0.3,19317,332.8,1
crack_d55_ISO400_V60,frame_000043.png,60,5.5,400,0.3,11973,157.9,1
crack_d55_ISO400_V60,frame_000044.png,60,5.5,400,0.3,3629,46.5,1
crack_d55_ISO400_V60,frame_000045.png,60,5.5,400,0.3,3461,89.4,1
crack_d55_ISO400_V60,frame_000046.png,60,5.5,400,0.3,12489,441.7,1
crack_d55_ISO400_V60,frame_000047.png,60,5.5,400,0.3,27855,1251.3,1
crack_d55_ISO400_V60,frame_000048.png,60,5.5,400,0.3,32643,1209.8,1
crack_d55_ISO400_V60,frame_000049.png,60,5.5,400,0.3,23198,739.0,1
crack_d55_ISO400_V60,frame_000050.png,60,5.5,400,0.3,11013,302.2,1
crack_d55_ISO400_V60,frame_000051.png,60,5.5,400,0.3,546,45.3,1
crack_d55_ISO400_V60,frame_000052.png,60,5.5,400,0.3,0,0.0,0
crack_d55_ISO800_V60,frame_000028.png,60,5.5,800,0.3,4307,239.7,1
crack_d55_ISO800_V60,frame_000029.png,60,5.5,800,0.3,8614,546.8,1
crack_d55_ISO800_V60,frame_000030.png,60,5.5,800,0.3,19333,536.1,1
crack_d55_ISO800_V60,frame_000031.png,60,5.5,800,0.3,24125,573.4,1
crack_d55_ISO800_V60,frame_000032.png,60,5.5,800,0.3,25641,457.1,1
crack_d55_ISO800_V60,frame_000033.png,60,5.5,800,0.3,22953,639.0,1
crack_d55_ISO800_V60,frame_000034.png,60,5.5,800,0.3,15568,392.9,1
crack_d55_ISO800_V60,frame_000035.png,60,5.5,800,0.3,15234,647.3,1
crack_d55_ISO800_V60,frame_000036.png,60,5.5,800,0.3,28491,832.2,1
crack_d55_ISO800_V60,frame_000037.png,60,5.5,800,0.3,29738,912.7,1
crack_d55_ISO800_V60,frame_000038.png,60,5.5,800,0.3,29368,918.1,1
crack_d55_ISO800_V60,frame_000039.png,60,5.5,800,0.3,31511,1055.4,1
crack_d55_ISO800_V60,frame_000040.png,60,5.5,800,0.3,20160,764.0,1
crack_d55_ISO800_V60,frame_000041.png,60,5.5,800,0.3,5922,406.4,1
crack_d55_ISO800_V60,frame_000042.png,60,5.5,800,0.3,0,0.0,0
crack_d55_ISO1600_V60,frame_000026.png,60,5.5,1600,0.3,0,0.0,0
crack_d55_ISO1600_V60,frame_000027.png,60,5.5,1600,0.3,619,51.9,1
crack_d55_ISO1600_V60,frame_000028.png,60,5.5,1600,0.3,1106,35.4,1
crack_d55_ISO1600_V60,frame_000029.png,60,5.5,1600,0.3,2632,63.5,1
crack_d55_ISO1600_V60,frame_000030.png,60,5.5,1600,0.3,7263,160.4,1
crack_d55_ISO1600_V60,frame_000031.png,60,5.5,1600,0.3,7948,157.2,1
crack_d55_ISO1600_V60,frame_000032.png,60,5.5,1600,0.3,5709,109.6,1
crack_d55_ISO1600_V60,frame_000033.png,60,5.5,1600,0.3,7780,299.3,1
crack_d55_ISO1600_V60,frame_000034.png,60,5.5,1600,0.3,9749,637.3,1
crack_d55_ISO1600_V60,frame_000035.png,60,5.5,1600,0.3,9208,593.4,1
crack_d55_ISO1600_V60,frame_000036.png,60,5.5,1600,0.3,9501,630.8,1
crack_d55_ISO1600_V60,frame_000037.png,60,5.5,1600,0.3,9779,391.4,1
crack_d55_ISO1600_V60,frame_000038.png,60,5.5,1600,0.3,9255,452.6,1
crack_d55_ISO1600_V60,frame_000039.png,60,5.5,1600,0.3,8287,304.9,1
crack_d55_ISO1600_V60,frame_000040.png,60,5.5,1600,0.3,1485,60.4,1
crack_d65_ISO100_V60,frame_000011.png,60,6.5,100,0.3,0,0.0,0
crack_d65_ISO100_V60,frame_000012.png,60,6.5,100,0.3,0,0.0,0
crack_d65_ISO100_V60,frame_000013.png,60,6.5,100,0.3,0,0.0,0
crack_d65_ISO100_V60,frame_000014.png,60,6.5,100,0.3,0,0.0,0
crack_d65_ISO100_V60,frame_000015.png,60,6.5,100,0.3,0,0.0,0
crack_d65_ISO100_V60,frame_000016.png,60,6.5,100,0.3,0,0.0,0
crack_d65_ISO100_V60,frame_000017.png,60,6.5,100,0.3,0,0.0,0
crack_d65_ISO100_V60,frame_000018.png,60,6.5,100,0.3,0,0.0,0
crack_d65_ISO100_V60,frame_000019.png,60,6.5,100,0.3,0,0.0,0
crack_d65_ISO100_V60,frame_000020.png,60,6.5,100,0.3,0,0.0,0
crack_d65_ISO100_V60,frame_000021.png,60,6.5,100,0.3,0,0.0,0
crack_d65_ISO100_V60,frame_000022.png,60,6.5,100,0.3,0,0.0,0
crack_d65_ISO100_V60,frame_000023.png,60,6.5,100,0.3,0,0.0,0
crack_d65_ISO100_V60,frame_000024.png,60,6.5,100,0.3,0,0.0,0
crack_d65_ISO100_V60,frame_000025.png,60,6.5,100,0.3,0,0.0,0
crack_d65_ISO100_V60,frame_000026.png,60,6.5,100,0.3,0,0.0,0
crack_d65_ISO100_V60,frame_000027.png,60,6.5,100,0.3,0,0.0,0
crack_d65_ISO100_V60,frame_000028.png,60,6.5,100,0.3,0,0.0,0
crack_d65_ISO100_V60,frame_000029.png,60,6.5,100,0.3,0,0.0,0
crack_d65_ISO100_V60,frame_000030.png,60,6.5,100,0.3,0,0.0,0
crack_d65_ISO100_V60,frame_000031.png,60,6.5,100,0.3,0,0.0,0
crack_d65_ISO200_V60,frame_000038.png,60,6.5,200,0.3,0,0.0,0
crack_d65_ISO200_V60,frame_000039.png,60,6.5,200,0.3,0,0.0,0
crack_d65_ISO200_V60,frame_000040.png,60,6.5,200,0.3,43,12.5,0
crack_d65_ISO200_V60,frame_000041.png,60,6.5,200,0.3,0,0.0,0
crack_d65_ISO200_V60,frame_000042.png,60,6.5,200,0.3,324,21.1,1
crack_d65_ISO200_V60,frame_000043.png,60,6.5,200,0.3,108,11.2,0
crack_d65_ISO200_V60,frame_000044.png,60,6.5,200,0.3,118,16.3,0
crack_d65_ISO200_V60,frame_000045.png,60,6.5,200,0.3,0,0.0,0
crack_d65_ISO200_V60,frame_000046.png,60,6.5,200,0.3,0,0.0,0
crack_d65_ISO200_V60,frame_000047.png,60,6.5,200,0.3,0,0.0,0
crack_d65_ISO200_V60,frame_000048.png,60,6.5,200,0.3,0,0.0,0
crack_d65_ISO200_V60,frame_000049.png,60,6.5,200,0.3,488,19.7,1
crack_d65_ISO200_V60,frame_000050.png,60,6.5,200,0.3,175,12.2,1
crack_d65_ISO200_V60,frame_000051.png,60,6.5,200,0.3,105,10.8,0
crack_d65_ISO200_V60,frame_000052.png,60,6.5,200,0.3,0,0.0,0
crack_d65_ISO200_V60,frame_000053.png,60,6.5,200,0.3,0,0.0,0
crack_d65_ISO200_V60,frame_000054.png,60,6.5,200,0.3,0,0.0,0
crack_d65_ISO400_V60,frame_000038.png,60,6.5,400,0.3,0,0.0,0
crack_d65_ISO400_V60,frame_000039.png,60,6.5,400,0.3,0,0.0,0
crack_d65_ISO400_V60,frame_000040.png,60,6.5,400,0.3,452,15.6,1
crack_d65_ISO400_V60,frame_000041.png,60,6.5,400,0.3,1191,25.1,1
crack_d65_ISO400_V60,frame_000042.png,60,6.5,400,0.3,5809,106.8,1
crack_d65_ISO400_V60,frame_000043.png,60,6.5,400,0.3,2296,55.5,1
crack_d65_ISO400_V60,frame_000044.png,60,6.5,400,0.3,138,13.0,0
crack_d65_ISO400_V60,frame_000045.png,60,6.5,400,0.3,0,0.0,0
crack_d65_ISO400_V60,frame_000046.png,60,6.5,400,0.3,0,0.0,0
crack_d65_ISO400_V60,frame_000047.png,60,6.5,400,0.3,2477,57.3,1
crack_d65_ISO400_V60,frame_000048.png,60,6.5,400,0.3,5377,249.2,1
crack_d65_ISO400_V60,frame_000049.png,60,6.5,400,0.3,3794,81.9,1
crack_d65_ISO400_V60,frame_000050.png,60,6.5,400,0.3,1221,34.7,1
crack_d65_ISO400_V60,frame_000051.png,60,6.5,400,0.3,10,4.2,0
crack_d65_ISO400_V60,frame_000052.png,60,6.5,400,0.3,0,0.0,0
crack_d65_ISO400_V60,frame_000053.png,60,6.5,400,0.3,0,0.0,0
crack_d65_ISO800_V60,frame_000035.png,60,6.5,800,0.3,86,12.5,0
crack_d65_ISO800_V60,frame_000036.png,60,6.5,800,0.3,1802,68.6,1
crack_d65_ISO800_V60,frame_000037.png,60,6.5,800,0.3,10721,186.2,1
crack_d65_ISO800_V60,frame_000038.png,60,6.5,800,0.3,17302,475.7,1
crack_d65_ISO800_V60,frame_000039.png,60,6.5,800,0.3,16208,226.5,1
crack_d65_ISO800_V60,frame_000040.png,60,6.5,800,0.3,6173,128.2,1
crack_d65_ISO800_V60,frame_000041.png,60,6.5,800,0.3,1697,58.1,1
crack_d65_ISO800_V60,frame_000042.png,60,6.5,800,0.3,1799,137.6,1
crack_d65_ISO800_V60,frame_000043.png,60,6.5,800,0.3,10714,603.6,1
crack_d65_ISO800_V60,frame_000044.png,60,6.5,800,0.3,13351,612.2,1
crack_d65_ISO800_V60,frame_000045.png,60,6.5,800,0.3,16997,486.9,1
crack_d65_ISO800_V60,frame_000046.png,60,6.5,800,0.3,9731,301.9,1
crack_d65_ISO800_V60,frame_000047.png,60,6.5,800,0.3,4592,179.5,1
crack_d65_ISO800_V60,frame_000048.png,60,6.5,800,0.3,169,29.7,1
crack_d65_ISO1600_V60,frame_000030.png,60,6.5,1600,0.3,0,0.0,0
crack_d65_ISO1600_V60,frame_000031.png,60,6.5,1600,0.3,0,0.0,0
crack_d65_ISO1600_V60,frame_000032.png,60,6.5,1600,0.3,421,24.7,1
crack_d65_ISO1600_V60,frame_000033.png,60,6.5,1600,0.3,984,31.1,1
crack_d65_ISO1600_V60,frame_000034.png,60,6.5,1600,0.3,3668,74.5,1
crack_d65_ISO1600_V60,frame_000035.png,60,6.5,1600,0.3,4122,68.2,1
crack_d65_ISO1600_V60,frame_000036.png,60,6.5,1600,0.3,236,17.7,1
crack_d65_ISO1600_V60,frame_000037.png,60,6.5,1600,0.3,16,5.8,0
crack_d65_ISO1600_V60,frame_000038.png,60,6.5,1600,0.3,0,0.0,0
crack_d65_ISO1600_V60,frame_000039.png,60,6.5,1600,0.3,0,0.0,0
crack_d65_ISO1600_V60,frame_000040.png,60,6.5,1600,0.3,1900,57.3,1
crack_d65_ISO1600_V60,frame_000041.png,60,6.5,1600,0.3,1634,51.6,1
crack_d65_ISO1600_V60,frame_000042.png,60,6.5,1600,0.3,262,27.2,1
crack_d65_ISO1600_V60,frame_000043.png,60,6.5,1600,0.3,19,7.8,0
crack_d65_ISO1600_V60,frame_000044.png,60,6.5,1600,0.3,0,0.0,0
crack_d65_ISO1600_V60,frame_000045.png,60,6.5,1600,0.3,0,0.0,0
crack_d25_ISO100_V80,frame_000014.png,80,2.5,100,0.3,0,0.0,0
crack_d25_ISO100_V80,frame_000015.png,80,2.5,100,0.3,0,0.0,0
crack_d25_ISO100_V80,frame_000016.png,80,2.5,100,0.3,0,0.0,0
crack_d25_ISO100_V80,frame_000017.png,80,2.5,100,0.3,2555,147.8,1
crack_d25_ISO100_V80,frame_000018.png,80,2.5,100,0.3,13663,1065.9,1
crack_d25_ISO100_V80,frame_000019.png,80,2.5,100,0.3,17171,688.0,1
crack_d25_ISO100_V80,frame_000020.png,80,2.5,100,0.3,861,22.8,1
crack_d25_ISO100_V80,frame_000021.png,80,2.5,100,0.3,2059,79.4,1
crack_d25_ISO100_V80,frame_000022.png,80,2.5,100,0.3,15225,734.8,1
crack_d25_ISO100_V80,frame_000023.png,80,2.5,100,0.3,40148,2010.9,1
crack_d25_ISO100_V80,frame_000024.png,80,2.5,100,0.3,28155,1056.0,1
crack_d25_ISO100_V80,frame_000025.png,80,2.5,100,0.3,6116,117.6,1
crack_d25_ISO100_V80,frame_000026.png,80,2.5,100,0.3,705,66.6,1
crack_d25_ISO100_V80,frame_000027.png,80,2.5,100,0.3,0,0.0,0
crack_d25_ISO200_V80,frame_000014.png,80,2.5,200,0.3,0,0.0,0
crack_d25_ISO200_V80,frame_000015.png,80,2.5,200,0.3,8,5.0,0
crack_d25_ISO200_V80,frame_000016.png,80,2.5,200,0.3,1963,118.6,1
crack_d25_ISO200_V80,frame_000017.png,80,2.5,200,0.3,13420,643.3,1
crack_d25_ISO200_V80,frame_000018.png,80,2.5,200,0.3,23867,638.1,1
crack_d25_ISO200_V80,frame_000019.png,80,2.5,200,0.3,25560,1083.8,1
crack_d25_ISO200_V80,frame_000020.png,80,2.5,200,0.3,8006,158.6,1
crack_d25_ISO200_V80,frame_000021.png,80,2.5,200,0.3,9025,614.8,1
crack_d25_ISO200_V80,frame_000022.png,80,2.5,200,0.3,36223,1024.6,1
crack_d25_ISO200_V80,frame_000023.png,80,2.5,200,0.3,51103,2470.8,1
crack_d25_ISO200_V80,frame_000024.png,80,2.5,200,0.3,48428,2078.2,1
crack_d25_ISO200_V80,frame_000025.png,80,2.5,200,0.3,23455,535.3,1
crack_d25_ISO200_V80,frame_000026.png,80,2.5,200,0.3,2902,121.9,1
crack_d25_ISO200_V80,frame_000027.png,80,2.5,200,0.3,0,0.0,0
crack_d25_ISO400_V80,frame_000009.png,80,2.5,400,0.3,0,0.0,0
crack_d25_ISO400_V80,frame_000010.png,80,2.5,400,0.3,0,0.0,0
crack_d25_ISO400_V80,frame_000011.png,80,2.5,400,0.3,1230,134.2,1
crack_d25_ISO400_V80,frame_000012.png,80,2.5,400,0.3,1331,78.4,1
crack_d25_ISO400_V80,frame_000013.png,80,2.5,400,0.3,5398,92.7,1
crack_d25_ISO400_V80,frame_000014.png,80,2.5,400,0.3,13865,453.5,1
crack_d25_ISO400_V80,frame_000015.png,80,2.5,400,0.3,13517,282.6,1
crack_d25_ISO400_V80,frame_000016.png,80,2.5,400,0.3,2767,157.0,1
crack_d25_ISO400_V80,frame_000017.png,80,2.5,400,0.3,7181,390.6,1
crack_d25_ISO400_V80,frame_000018.png,80,2.5,400,0.3,9662,192.8,1
crack_d25_ISO400_V80,frame_000019.png,80,2.5,400,0.3,15443,367.8,1
crack_d25_ISO400_V80,frame_000020.png,80,2.5,400,0.3,14966,697.3,1
crack_d25_ISO400_V80,frame_000021.png,80,2.5,400,0.3,2284,87.7,1
crack_d25_ISO400_V80,frame_000022.png,80,2.5,400,0.3,135,26.4,0
crack_d25_ISO800_V80,frame_000012.png,80,2.5,800,0.3,0,0.0,0
crack_d25_ISO800_V80,frame_000013.png,80,2.5,800,0.3,0,0.0,0
crack_d25_ISO800_V80,frame_000014.png,80,2.5,800,0.3,0,0.0,0
crack_d25_ISO800_V80,frame_000015.png,80,2.5,800,0.3,25,8.5,0
crack_d25_ISO800_V80,frame_000016.png,80,2.5,800,0.3,8,5.0,0
crack_d25_ISO800_V80,frame_000017.png,80,2.5,800,0.3,19,8.9,0
crack_d25_ISO800_V80,frame_000018.png,80,2.5,800,0.3,1399,78.5,1
crack_d25_ISO800_V80,frame_000019.png,80,2.5,800,0.3,1271,55.8,1
crack_d25_ISO800_V80,frame_000020.png,80,2.5,800,0.3,499,24.2,1
crack_d25_ISO800_V80,frame_000021.png,80,2.5,800,0.3,261,34.4,1
crack_d25_ISO800_V80,frame_000022.png,80,2.5,800,0.3,2210,59.9,1
crack_d25_ISO800_V80,frame_000023.png,80,2.5,800,0.3,620,27.8,1
crack_d25_ISO800_V80,frame_000024.png,80,2.5,800,0.3,0,0.0,0
crack_d25_ISO800_V80,frame_000025.png,80,2.5,800,0.3,0,0.0,0
crack_d25_ISO800_V80,frame_000026.png,80,2.5,800,0.3,0,0.0,0
crack_d25_ISO1600_V80,frame_000022.png,80,2.5,1600,0.3,0,0.0,0
crack_d25_ISO1600_V80,frame_000023.png,80,2.5,1600,0.3,0,0.0,0
crack_d25_ISO1600_V80,frame_000024.png,80,2.5,1600,0.3,0,0.0,0
crack_d25_ISO1600_V80,frame_000025.png,80,2.5,1600,0.3,0,0.0,0
crack_d25_ISO1600_V80,frame_000026.png,80,2.5,1600,0.3,0,0.0,0
crack_d25_ISO1600_V80,frame_000027.png,80,2.5,1600,0.3,42,10.8,0
crack_d25_ISO1600_V80,frame_000028.png,80,2.5,1600,0.3,0,0.0,0
crack_d25_ISO1600_V80,frame_000029.png,80,2.5,1600,0.3,0,0.0,0
crack_d25_ISO1600_V80,frame_000030.png,80,2.5,1600,0.3,0,0.0,0
crack_d25_ISO1600_V80,frame_000031.png,80,2.5,1600,0.3,0,0.0,0
crack_d25_ISO1600_V80,frame_000032.png,80,2.5,1600,0.3,0,0.0,0
crack_d25_ISO1600_V80,frame_000033.png,80,2.5,1600,0.3,0,0.0,0
crack_d25_ISO1600_V80,frame_000034.png,80,2.5,1600,0.3,0,0.0,0
crack_d25_ISO1600_V80,frame_000035.png,80,2.5,1600,0.3,0,0.0,0
crack_d35_ISO100_V80,frame_000031.png,80,3.5,100,0.3,0,0.0,0
crack_d35_ISO100_V80,frame_000032.png,80,3.5,100,0.3,0,0.0,0
crack_d35_ISO100_V80,frame_000033.png,80,3.5,100,0.3,380,25.8,1
crack_d35_ISO100_V80,frame_000034.png,80,3.5,100,0.3,2030,111.9,1
crack_d35_ISO100_V80,frame_000035.png,80,3.5,100,0.3,4528,106.9,1
crack_d35_ISO100_V80,frame_000036.png,80,3.5,100,0.3,6039,166.4,1
crack_d35_ISO100_V80,frame_000037.png,80,3.5,100,0.3,0,0.0,0
crack_d35_ISO100_V80,frame_000038.png,80,3.5,100,0.3,3387,122.3,1
crack_d35_ISO100_V80,frame_000039.png,80,3.5,100,0.3,8733,637.0,1
crack_d35_ISO100_V80,frame_000040.png,80,3.5,100,0.3,16537,527.0,1
crack_d35_ISO100_V80,frame_000041.png,80,3.5,100,0.3,11224,475.7,1
crack_d35_ISO100_V80,frame_000042.png,80,3.5,100,0.3,750,28.9,1
crack_d35_ISO100_V80,frame_000043.png,80,3.5,100,0.3,0,0.0,0
crack_d35_ISO200_V80,frame_000030.png,80,3.5,200,0.3,0,0.0,0
crack_d35_ISO200_V80,frame_000031.png,80,3.5,200,0.3,0,0.0,0
crack_d35_ISO200_V80,frame_000032.png,80,3.5,200,0.3,148,13.9,0
crack_d35_ISO200_V80,frame_000033.png,80,3.5,200,0.3,4695,238.4,1
crack_d35_ISO200_V80,frame_000034.png,80,3.5,200,0.3,13412,632.0,1
crack_d35_ISO200_V80,frame_000035.png,80,3.5,200,0.3,24462,1042.9,1
crack_d35_ISO200_V80,frame_000036.png,80,3.5,200,0.3,13047,433.3,1
crack_d35_ISO200_V80,frame_000037.png,80,3.5,200,0.3,2104,48.8,1
crack_d35_ISO200_V80,frame_000038.png,80,3.5,200,0.3,12959,671.8,1
crack_d35_ISO200_V80,frame_000039.png,80,3.5,200,0.3,38936,1267.5,1
crack_d35_ISO200_V80,frame_000040.png,80,3.5,200,0.3,39467,1119.6,1
crack_d35_ISO200_V80,frame_000041.png,80,3.5,200,0.3,21990,801.0,1
crack_d35_ISO200_V80,frame_000042.png,80,3.5,200,0.3,4199,154.1,1
crack_d35_ISO400_V80,frame_000025.png,80,3.5,400,0.3,0,0.0,0
crack_d35_ISO400_V80,frame_000026.png,80,3.5,400,0.3,0,0.0,0
crack_d35_ISO400_V80,frame_000027.png,80,3.5,400,0.3,0,0.0,0
crack_d35_ISO400_V80,frame_000028.png,80,3.5,400,0.3,1440,37.3,1
crack_d35_ISO400_V80,frame_000029.png,80,3.5,400,0.3,11095,483.0,1
crack_d35_ISO400_V80,frame_000030.png,80,3.5,400,0.3,21305,684.8,1
crack_d35_ISO400_V80,frame_000031.png,80,3.5,400,0.3,23277,349.4,1
crack_d35_ISO400_V80,frame_000032.png,80,3.5,400,0.3,12081,258.4,1
crack_d35_ISO400_V80,frame_000033.png,80,3.5,400,0.3,9399,607.6,1
crack_d35_ISO400_V80,frame_000034.png,80,3.5,400,0.3,26971,745.3,1
crack_d35_ISO400_V80,frame_000035.png,80,3.5,400,0.3,46185,1006.2,1
crack_d35_ISO400_V80,frame_000036.png,80,3.5,400,0.3,39406,1038.2,1
crack_d35_ISO400_V80,frame_000037.png,80,3.5,400,0.3,25239,1143.1,1
crack_d35_ISO400_V80,frame_000038.png,80,3.5,400,0.3,1614,54.1,1
crack_d35_ISO400_V80,frame_000039.png,80,3.5,400,0.3,24,7.8,0
crack_d35_ISO800_V80,frame_000022.png,80,3.5,800,0.3,0,0.0,0
crack_d35_ISO800_V80,frame_000023.png,80,3.5,800,0.3,0,0.0,0
crack_d35_ISO800_V80,frame_000024.png,80,3.5,800,0.3,11,5.8,0
crack_d35_ISO800_V80,frame_000025.png,80,3.5,800,0.3,199,15.6,1
crack_d35_ISO800_V80,frame_000026.png,80,3.5,800,0.3,362,25.5,1
crack_d35_ISO800_V80,frame_000027.png,80,3.5,800,0.3,520,34.1,1
crack_d35_ISO800_V80,frame_000028.png,80,3.5,800,0.3,727,42.2,1
crack_d35_ISO800_V80,frame_000029.png,80,3.5,800,0.3,1204,48.3,1
crack_d35_ISO800_V80,frame_000030.png,80,3.5,800,0.3,1898,92.1,1
crack_d35_ISO800_V80,frame_000031.png,80,3.5,800,0.3,2061,54.2,1
crack_d35_ISO800_V80,frame_000032.png,80,3.5,800,0.3,2309,69.9,1
crack_d35_ISO800_V80,frame_000033.png,80,3.5,800,0.3,4899,216.5,1
crack_d35_ISO800_V80,frame_000034.png,80,3.5,800,0.3,0,0.0,0
crack_d35_ISO800_V80,frame_000035.png,80,3.5,800,0.3,0,0.0,0
crack_d35_ISO1600_V80,frame_000016.png,80,3.5,1600,0.3,0,0.0,0
crack_d35_ISO1600_V80,frame_000017.png,80,3.5,1600,0.3,0,0.0,0
crack_d35_ISO1600_V80,frame_000018.png,80,3.5,1600,0.3,0,0.0,0
crack_d35_ISO1600_V80,frame_000019.png,80,3.5,1600,0.3,0,0.0,0
crack_d35_ISO1600_V80,frame_000020.png,80,3.5,1600,0.3,0,0.0,0
crack_d35_ISO1600_V80,frame_000021.png,80,3.5,1600,0.3,0,0.0,0
crack_d35_ISO1600_V80,frame_000022.png,80,3.5,1600,0.3,235,43.8,1
crack_d35_ISO1600_V80,frame_000023.png,80,3.5,1600,0.3,0,0.0,0
crack_d35_ISO1600_V80,frame_000024.png,80,3.5,1600,0.3,0,0.0,0
crack_d35_ISO1600_V80,frame_000025.png,80,3.5,1600,0.3,0,0.0,0
crack_d35_ISO1600_V80,frame_000026.png,80,3.5,1600,0.3,0,0.0,0
crack_d35_ISO1600_V80,frame_000027.png,80,3.5,1600,0.3,496,21.6,1
crack_d35_ISO1600_V80,frame_000028.png,80,3.5,1600,0.3,0,0.0,0
crack_d35_ISO1600_V80,frame_000029.png,80,3.5,1600,0.3,0,0.0,0
crack_d45_ISO100_V80,frame_000015.png,80,4.5,100,0.3,0,0.0,0
crack_d45_ISO100_V80,frame_000016.png,80,4.5,100,0.3,0,0.0,0
crack_d45_ISO100_V80,frame_000017.png,80,4.5,100,0.3,0,0.0,0
crack_d45_ISO100_V80,frame_000018.png,80,4.5,100,0.3,0,0.0,0
crack_d45_ISO100_V80,frame_000019.png,80,4.5,100,0.3,367,24.7,1
crack_d45_ISO100_V80,frame_000020.png,80,4.5,100,0.3,1120,52.8,1
crack_d45_ISO100_V80,frame_000021.png,80,4.5,100,0.3,976,57.3,1
crack_d45_ISO100_V80,frame_000022.png,80,4.5,100,0.3,0,0.0,0
crack_d45_ISO100_V80,frame_000023.png,80,4.5,100,0.3,14,6.4,0
crack_d45_ISO100_V80,frame_000024.png,80,4.5,100,0.3,3549,175.0,1
crack_d45_ISO100_V80,frame_000025.png,80,4.5,100,0.3,4865,306.5,1
crack_d45_ISO100_V80,frame_000026.png,80,4.5,100,0.3,2813,76.8,1
crack_d45_ISO100_V80,frame_000027.png,80,4.5,100,0.3,148,15.2,0
crack_d45_ISO100_V80,frame_000028.png,80,4.5,100,0.3,0,0.0,0
crack_d45_ISO200_V80,frame_000032.png,80,4.5,200,0.3,0,0.0,0
crack_d45_ISO200_V80,frame_000033.png,80,4.5,200,0.3,0,0.0,0
crack_d45_ISO200_V80,frame_000034.png,80,4.5,200,0.3,174,28.3,1
crack_d45_ISO200_V80,frame_000035.png,80,4.5,200,0.3,265,18.4,1
crack_d45_ISO200_V80,frame_000036.png,80,4.5,200,0.3,5833,129.5,1
crack_d45_ISO200_V80,frame_000037.png,80,4.5,200,0.3,3990,90.4,1
crack_d45_ISO200_V80,frame_000038.png,80,4.5,200,0.3,1692,52.6,1
crack_d45_ISO200_V80,frame_000039.png,80,4.5,200,0.3,1768,54.9,1
crack_d45_ISO200_V80,frame_000040.png,80,4.5,200,0.3,7765,340.8,1
crack_d45_ISO200_V80,frame_000041.png,80,4.5,200,0.3,17107,634.4,1
crack_d45_ISO200_V80,frame_000042.png,80,4.5,200,0.3,15561,734.0,1
crack_d45_ISO200_V80,frame_000043.png,80,4.5,200,0.3,10813,437.7,1
crack_d45_ISO200_V80,frame_000044.png,80,4.5,200,0.3,124,22.4,0
crack_d45_ISO400_V80,frame_000021.png,80,4.5,400,0.3,0,0.0,0
crack_d45_ISO400_V80,frame_000022.png,80,4.5,400,0.3,343,21.9,1
crack_d45_ISO400_V80,frame_000023.png,80,4.5,400,0.3,3884,100.0,1
crack_d45_ISO400_V80,frame_000024.png,80,4.5,400,0.3,15737,549.4,1
crack_d45_ISO400_V80,frame_000025.png,80,4.5,400,0.3,22787,780.0,1
crack_d45_ISO400_V80,frame_000026.png,80,4.5,400,0.3,21127,513.0,1
crack_d45_ISO400_V80,frame_000027.png,80,4.5,400,0.3,7227,367.9,1
crack_d45_ISO400_V80,frame_000028.png,80,4.5,400,0.3,13407,835.5,1
crack_d45_ISO400_V80,frame_000029.png,80,4.5,400,0.3,29934,1244.7,1
crack_d45_ISO400_V80,frame_000030.png,80,4.5,400,0.3,33966,1162.1,1
crack_d45_ISO400_V80,frame_000031.png,80,4.5,400,0.3,26262,1343.9,1
crack_d45_ISO400_V80,frame_000032.png,80,4.5,400,0.3,2417,104.1,1
crack_d45_ISO400_V80,frame_000033.png,80,4.5,400,0.3,0,0.0,0
crack_d45_ISO800_V80,frame_000022.png,80,4.5,800,0.3,0,0.0,0
crack_d45_ISO800_V80,frame_000023.png,80,4.5,800,0.3,1285,64.4,1
crack_d45_ISO800_V80,frame_000024.png,80,4.5,800,0.3,578,63.5,1
crack_d45_ISO800_V80,frame_000025.png,80,4.5,800,0.3,3513,65.1,1
crack_d45_ISO800_V80,frame_000026.png,80,4.5,800,0.3,2782,83.2,1
crack_d45_ISO800_V80,frame_000027.png,80,4.5,800,0.3,3291,88.8,1
crack_d45_ISO800_V80,frame_000028.png,80,4.5,800,0.3,5542,399.3,1
crack_d45_ISO800_V80,frame_000029.png,80,4.5,800,0.3,6164,164.2,1
crack_d45_ISO800_V80,frame_000030.png,80,4.5,800,0.3,9136,394.8,1
crack_d45_ISO800_V80,frame_000031.png,80,4.5,800,0.3,8541,674.7,1
crack_d45_ISO800_V80,frame_000032.png,80,4.5,800,0.3,435,47.4,1
crack_d45_ISO800_V80,frame_000033.png,80,4.5,800,0.3,0,0.0,0
crack_d45_ISO1600_V80,frame_000037.png,80,4.5,1600,0.3,0,0.0,0
crack_d45_ISO1600_V80,frame_000038.png,80,4.5,1600,0.3,0,0.0,0
crack_d45_ISO1600_V80,frame_000039.png,80,4.5,1600,0.3,0,0.0,0
crack_d45_ISO1600_V80,frame_000040.png,80,4.5,1600,0.3,0,0.0,0
crack_d45_ISO1600_V80,frame_000041.png,80,4.5,1600,0.3,0,0.0,0
crack_d45_ISO1600_V80,frame_000042.png,80,4.5,1600,0.3,0,0.0,0
crack_d45_ISO1600_V80,frame_000043.png,80,4.5,1600,0.3,0,0.0,0
crack_d45_ISO1600_V80,frame_000044.png,80,4.5,1600,0.3,0,0.0,0
crack_d45_ISO1600_V80,frame_000045.png,80,4.5,1600,0.3,0,0.0,0
crack_d45_ISO1600_V80,frame_000046.png,80,4.5,1600,0.3,175,24.2,1
crack_d45_ISO1600_V80,frame_000047.png,80,4.5,1600,0.3,400,38.8,1
crack_d45_ISO1600_V80,frame_000048.png,80,4.5,1600,0.3,0,0.0,0
crack_d45_ISO1600_V80,frame_000049.png,80,4.5,1600,0.3,0,0.0,0
crack_d45_ISO1600_V80,frame_000050.png,80,4.5,1600,0.3,0,0.0,0
crack_d55_ISO100_V80,frame_000009.png,80,5.5,100,0.3,0,0.0,0
crack_d55_ISO100_V80,frame_000010.png,80,5.5,100,0.3,0,0.0,0
crack_d55_ISO100_V80,frame_000011.png,80,5.5,100,0.3,0,0.0,0
crack_d55_ISO100_V80,frame_000012.png,80,5.5,100,0.3,0,0.0,0
crack_d55_ISO100_V80,frame_000013.png,80,5.5,100,0.3,0,0.0,0
crack_d55_ISO100_V80,frame_000014.png,80,5.5,100,0.3,0,0.0,0
crack_d55_ISO100_V80,frame_000015.png,80,5.5,100,0.3,0,0.0,0
crack_d55_ISO100_V80,frame_000016.png,80,5.5,100,0.3,0,0.0,0
crack_d55_ISO100_V80,frame_000017.png,80,5.5,100,0.3,0,0.0,0
crack_d55_ISO100_V80,frame_000018.png,80,5.5,100,0.3,0,0.0,0
crack_d55_ISO100_V80,frame_000019.png,80,5.5,100,0.3,75,11.4,0
crack_d55_ISO100_V80,frame_000020.png,80,5.5,100,0.3,14,7.1,0
crack_d55_ISO100_V80,frame_000021.png,80,5.5,100,0.3,0,0.0,0
crack_d55_ISO100_V80,frame_000022.png,80,5.5,100,0.3,0,0.0,0
crack_d55_ISO100_V80,frame_000023.png,80,5.5,100,0.3,0,0.0,0
crack_d55_ISO200_V80,frame_000019.png,80,5.5,200,0.3,0,0.0,0
crack_d55_ISO200_V80,frame_000020.png,80,5.5,200,0.3,0,0.0,0
crack_d55_ISO200_V80,frame_000021.png,80,5.5,200,0.3,59,9.4,0
crack_d55_ISO200_V80,frame_000022.png,80,5.5,200,0.3,290,17.1,1
crack_d55_ISO200_V80,frame_000023.png,80,5.5,200,0.3,1365,34.8,1
crack_d55_ISO200_V80,frame_000024.png,80,5.5,200,0.3,451,29.1,1
crack_d55_ISO200_V80,frame_000025.png,80,5.5,200,0.3,24,8.1,0
crack_d55_ISO200_V80,frame_000026.png,80,5.5,200,0.3,1668,40.0,1
crack_d55_ISO200_V80,frame_000027.png,80,5.5,200,0.3,5278,162.2,1
crack_d55_ISO200_V80,frame_000028.png,80,5.5,200,0.3,3474,122.9,1
crack_d55_ISO200_V80,frame_000029.png,80,5.5,200,0.3,1997,40.9,1
crack_d55_ISO400_V80,frame_000021.png,80,5.5,400,0.3,0,0.0,0
crack_d55_ISO400_V80,frame_000022.png,80,5.5,400,0.3,0,0.0,0
crack_d55_ISO400_V80,frame_000023.png,80,5.5,400,0.3,49,10.8,0
crack_d55_ISO400_V80,frame_000024.png,80,5.5,400,0.3,3902,178.9,1
crack_d55_ISO400_V80,frame_000025.png,80,5.5,400,0.3,10712,214.2,1
crack_d55_ISO400_V80,frame_000026.png,80,5.5,400,0.3,14856,280.7,1
crack_d55_ISO400_V80,frame_000027.png,80,5.5,400,0.3,567,25.0,1
crack_d55_ISO400_V80,frame_000028.png,80,5.5,400,0.3,2047,99.3,1
crack_d55_ISO400_V80,frame_000029.png,80,5.5,400,0.3,11903,611.3,1
crack_d55_ISO400_V80,frame_000030.png,80,5.5,400,0.3,23479,1197.9,1
crack_d55_ISO400_V80,frame_000031.png,80,5.5,400,0.3,17124,802.6,1
crack_d55_ISO400_V80,frame_000032.png,80,5.5,400,0.3,12910,991.8,1
crack_d55_ISO400_V80,frame_000033.png,80,5.5,400,0.3,35,10.8,0
crack_d55_ISO800_V80,frame_000041.png,80,5.5,800,0.3,0,0.0,0
crack_d55_ISO800_V80,frame_000042.png,80,5.5,800,0.3,0,0.0,0
crack_d55_ISO800_V80,frame_000043.png,80,5.5,800,0.3,0,0.0,0
crack_d55_ISO800_V80,frame_000044.png,80,5.5,800,0.3,788,50.8,1
crack_d55_ISO800_V80,frame_000045.png,80,5.5,800,0.3,1814,41.0,1
crack_d55_ISO800_V80,frame_000046.png,80,5.5,800,0.3,522,30.0,1
crack_d55_ISO800_V80,frame_000047.png,80,5.5,800,0.3,1479,34.1,1
crack_d55_ISO800_V80,frame_000048.png,80,5.5,800,0.3,3433,177.3,1
crack_d55_ISO800_V80,frame_000049.png,80,5.5,800,0.3,9786,599.6,1
crack_d55_ISO800_V80,frame_000050.png,80,5.5,800,0.3,10880,459.5,1
crack_d55_ISO800_V80,frame_000051.png,80,5.5,800,0.3,9724,619.6,1
crack_d55_ISO800_V80,frame_000052.png,80,5.5,800,0.3,10340,679.0,1
crack_d55_ISO800_V80,frame_000053.png,80,5.5,800,0.3,0,0.0,0
crack_d55_ISO800_V80,frame_000054.png,80,5.5,800,0.3,0,0.0,0
crack_d55_ISO1600_V80,frame_000014.png,80,5.5,1600,0.3,0,0.0,0
crack_d55_ISO1600_V80,frame_000015.png,80,5.5,1600,0.3,0,0.0,0
crack_d55_ISO1600_V80,frame_000016.png,80,5.5,1600,0.3,0,0.0,0
crack_d55_ISO1600_V80,frame_000017.png,80,5.5,1600,0.3,0,0.0,0
crack_d55_ISO1600_V80,frame_000018.png,80,5.5,1600,0.3,0,0.0,0
crack_d55_ISO1600_V80,frame_000019.png,80,5.5,1600,0.3,0,0.0,0
crack_d55_ISO1600_V80,frame_000020.png,80,5.5,1600,0.3,48,9.9,0
crack_d55_ISO1600_V80,frame_000021.png,80,5.5,1600,0.3,28,10.3,0
crack_d55_ISO1600_V80,frame_000022.png,80,5.5,1600,0.3,0,0.0,0
crack_d55_ISO1600_V80,frame_000023.png,80,5.5,1600,0.3,120,13.9,0
crack_d55_ISO1600_V80,frame_000024.png,80,5.5,1600,0.3,357,29.5,1
crack_d55_ISO1600_V80,frame_000025.png,80,5.5,1600,0.3,0,0.0,0
crack_d55_ISO1600_V80,frame_000026.png,80,5.5,1600,0.3,0,0.0,0
crack_d55_ISO1600_V80,frame_000027.png,80,5.5,1600,0.3,0,0.0,0
crack_d65_ISO100_V80,frame_000019.png,80,6.5,100,0.3,0,0.0,0
crack_d65_ISO100_V80,frame_000020.png,80,6.5,100,0.3,0,0.0,0
crack_d65_ISO100_V80,frame_000021.png,80,6.5,100,0.3,0,0.0,0
crack_d65_ISO100_V80,frame_000022.png,80,6.5,100,0.3,0,0.0,0
crack_d65_ISO100_V80,frame_000023.png,80,6.5,100,0.3,0,0.0,0
crack_d65_ISO100_V80,frame_000024.png,80,6.5,100,0.3,0,0.0,0
crack_d65_ISO100_V80,frame_000025.png,80,6.5,100,0.3,0,0.0,0
crack_d65_ISO100_V80,frame_000026.png,80,6.5,100,0.3,0,0.0,0
crack_d65_ISO100_V80,frame_000027.png,80,6.5,100,0.3,0,0.0,0
crack_d65_ISO100_V80,frame_000028.png,80,6.5,100,0.3,0,0.0,0
crack_d65_ISO100_V80,frame_000029.png,80,6.5,100,0.3,0,0.0,0
crack_d65_ISO100_V80,frame_000030.png,80,6.5,100,0.3,0,0.0,0
crack_d65_ISO100_V80,frame_000031.png,80,6.5,100,0.3,0,0.0,0
crack_d65_ISO100_V80,frame_000032.png,80,6.5,100,0.3,0,0.0,0
crack_d65_ISO100_V80,frame_000033.png,80,6.5,100,0.3,0,0.0,0
crack_d65_ISO100_V80,frame_000034.png,80,6.5,100,0.3,0,0.0,0
crack_d65_ISO100_V80,frame_000035.png,80,6.5,100,0.3,0,0.0,0
crack_d65_ISO100_V80,frame_000036.png,80,6.5,100,0.3,0,0.0,0
crack_d65_ISO200_V80,frame_000018.png,80,6.5,200,0.3,0,0.0,0
crack_d65_ISO200_V80,frame_000019.png,80,6.5,200,0.3,0,0.0,0
crack_d65_ISO200_V80,frame_000020.png,80,6.5,200,0.3,0,0.0,0
crack_d65_ISO200_V80,frame_000021.png,80,6.5,200,0.3,0,0.0,0
crack_d65_ISO200_V80,frame_000022.png,80,6.5,200,0.3,0,0.0,0
crack_d65_ISO200_V80,frame_000023.png,80,6.5,200,0.3,5,4.2,0
crack_d65_ISO200_V80,frame_000024.png,80,6.5,200,0.3,0,0.0,0
crack_d65_ISO200_V80,frame_000025.png,80,6.5,200,0.3,0,0.0,0
crack_d65_ISO200_V80,frame_000026.png,80,6.5,200,0.3,0,0.0,0
crack_d65_ISO200_V80,frame_000027.png,80,6.5,200,0.3,358,17.2,1
crack_d65_ISO200_V80,frame_000028.png,80,6.5,200,0.3,326,22.0,1
crack_d65_ISO200_V80,frame_000029.png,80,6.5,200,0.3,0,0.0,0
crack_d65_ISO200_V80,frame_000030.png,80,6.5,200,0.3,0,0.0,0
crack_d65_ISO200_V80,frame_000031.png,80,6.5,200,0.3,0,0.0,0
crack_d65_ISO400_V80,frame_000012.png,80,6.5,400,0.3,0,0.0,0
crack_d65_ISO400_V80,frame_000013.png,80,6.5,400,0.3,0,0.0,0
crack_d65_ISO400_V80,frame_000014.png,80,6.5,400,0.3,0,0.0,0
crack_d65_ISO400_V80,frame_000015.png,80,6.5,400,0.3,0,0.0,0
crack_d65_ISO400_V80,frame_000016.png,80,6.5,400,0.3,98,11.7,0
crack_d65_ISO400_V80,frame_000017.png,80,6.5,400,0.3,615,22.0,1
crack_d65_ISO400_V80,frame_000018.png,80,6.5,400,0.3,1839,75.2,1
crack_d65_ISO400_V80,frame_000019.png,80,6.5,400,0.3,11,5.8,0
crack_d65_ISO400_V80,frame_000020.png,80,6.5,400,0.3,0,0.0,0
crack_d65_ISO400_V80,frame_000021.png,80,6.5,400,0.3,616,44.6,1
crack_d65_ISO400_V80,frame_000022.png,80,6.5,400,0.3,1485,50.6,1
crack_d65_ISO400_V80,frame_000023.png,80,6.5,400,0.3,3330,119.1,1
crack_d65_ISO400_V80,frame_000024.png,80,6.5,400,0.3,239,23.6,1
crack_d65_ISO400_V80,frame_000025.png,80,6.5,400,0.3,36,6.4,0
crack_d65_ISO400_V80,frame_000026.png,80,6.5,400,0.3,0,0.0,0
crack_d65_ISO400_V80,frame_000027.png,80,6.5,400,0.3,0,0.0,0
crack_d65_ISO800_V80,frame_000023.png,80,6.5,800,0.3,0,0.0,0
crack_d65_ISO800_V80,frame_000024.png,80,6.5,800,0.3,0,0.0,0
crack_d65_ISO800_V80,frame_000025.png,80,6.5,800,0.3,0,0.0,0
crack_d65_ISO800_V80,frame_000026.png,80,6.5,800,0.3,48,16.6,0
crack_d65_ISO800_V80,frame_000027.png,80,6.5,800,0.3,237,13.5,1
crack_d65_ISO800_V80,frame_000028.png,80,6.5,800,0.3,901,25.0,1
crack_d65_ISO800_V80,frame_000029.png,80,6.5,800,0.3,301,17.8,1
crack_d65_ISO800_V80,frame_000030.png,80,6.5,800,0.3,0,0.0,0
crack_d65_ISO800_V80,frame_000031.png,80,6.5,800,0.3,908,91.2,1
crack_d65_ISO800_V80,frame_000032.png,80,6.5,800,0.3,8881,540.1,1
crack_d65_ISO800_V80,frame_000033.png,80,6.5,800,0.3,2786,261.4,1
crack_d65_ISO800_V80,frame_000034.png,80,6.5,800,0.3,0,0.0,0
crack_d65_ISO800_V80,frame_000035.png,80,6.5,800,0.3,0,0.0,0
crack_d65_ISO1600_V80,frame_000024.png,80,6.5,1600,0.3,0,0.0,0
crack_d65_ISO1600_V80,frame_000025.png,80,6.5,1600,0.3,0,0.0,0
crack_d65_ISO1600_V80,frame_000026.png,80,6.5,1600,0.3,0,0.0,0
crack_d65_ISO1600_V80,frame_000027.png,80,6.5,1600,0.3,0,0.0,0
crack_d65_ISO1600_V80,frame_000028.png,80,6.5,1600,0.3,0,0.0,0
crack_d65_ISO1600_V80,frame_000029.png,80,6.5,1600,0.3,0,0.0,0
crack_d65_ISO1600_V80,frame_000030.png,80,6.5,1600,0.3,0,0.0,0
crack_d65_ISO1600_V80,frame_000031.png,80,6.5,1600,0.3,0,0.0,0
crack_d65_ISO1600_V80,frame_000032.png,80,6.5,1600,0.3,0,0.0,0
crack_d65_ISO1600_V80,frame_000033.png,80,6.5,1600,0.3,0,0.0,0
crack_d65_ISO1600_V80,frame_000034.png,80,6.5,1600,0.3,165,18.6,1
crack_d65_ISO1600_V80,frame_000035.png,80,6.5,1600,0.3,0,0.0,0
crack_d65_ISO1600_V80,frame_000036.png,80,6.5,1600,0.3,0,0.0,0
crack_d65_ISO1600_V80,frame_000037.png,80,6.5,1600,0.3,0,0.0,0
